img_path,label
air_condition/156501-14912605.jpg,0
air_condition/Galanz_Air_Conditioner_2.jpg,0
air_condition/HIS8839-Air-Conditioners-POS-1400px-830px-4.jpg,0
air_condition/Japan-air-conditioner-1-1024x681.jpg,0
air_condition/Master.jpg,0
air_condition/Split-Air-Conditioner.webp,0
air_condition/air-conditioning-decoration-interior.jpg,0
air_condition/how-to-clean-air-conditioner-2000-cf23eaf1852b4b919b8e261c7096bb41.jpg,0
air_condition/images.jpg,0
air_condition/images_1.jpg,0
air_condition/lg-air-conditioner-r32-wall-unit-dual-cool-ap09rt-25-kw-i-9000-btu_3.jpg,0
bar_stool/0d6e9b0210201d1842627d81a9b5c916.jpg,1
bar_stool/1121606801.jpg.webp,1
bar_stool/51jTaPi-GAL._AC_SL1010_.jpg,1
bar_stool/71aa1d5jBeL._SY550_.jpg,1
bar_stool/Amisco-Lars-Swivel-Stool.webp,1
bar_stool/RoundRound_55.jpg,1
bar_stool/arthur-counter-cappuccino-01-600x315.jpg,1
bar_stool/barstool-zeta-9436-1.webp,1
bar_stool/cross-bar-chair-pearsonlloyd-takt_dezeen_2364_col_1-scaled.webp,1
bar_stool/images.jpg,1
bar_stool/images_1.jpg,1
bath_bath/001.jpg,2
bath_bath/002.jpg,2
bath_bath/003.jpg,2
bath_bath/004.jpg,2
bath_bath/005.jpg,2
bath_bath/006.jpg,2
bath_bath/007.jpg,2
bath_bath/008.jpg,2
bath_bath/009.jpg,2
bath_bath/010.jpg,2
bath_heated_towel_rail/001.jpg,3
bath_heated_towel_rail/002.jpg,3
bath_heated_towel_rail/003.jpg,3
bath_heated_towel_rail/004.jpg,3
bath_heated_towel_rail/005.jpg,3
bath_heated_towel_rail/006.jpg,3
bath_heated_towel_rail/007.jpg,3
bath_heated_towel_rail/008.jpg,3
bath_heated_towel_rail/009.jpg,3
bath_heated_towel_rail/010.jpg,3
bath_shower/001.jpg,4
bath_shower/002.jpg,4
bath_shower/003.jpg,4
bath_shower/004.jpg,4
bath_shower/005.jpg,4
bath_shower/006.jpg,4
bath_shower/007.jpg,4
bath_shower/008.jpg,4
bath_shower/009.jpg,4
bath_shower/010.jpg,4
bath_shower_stall/001.jpg,5
bath_shower_stall/002.jpg,5
bath_shower_stall/003.jpg,5
bath_shower_stall/004.jpg,5
bath_shower_stall/005.jpg,5
bath_shower_stall/006.jpg,5
bath_shower_stall/007.jpg,5
bath_shower_stall/008.jpg,5
bath_shower_stall/009.jpg,5
bath_shower_stall/010.jpg,5
bath_wash_basin/001.jpg,6
bath_wash_basin/002.jpg,6
bath_wash_basin/003.jpg,6
bath_wash_basin/004.jpg,6
bath_wash_basin/005.jpg,6
bath_wash_basin/006.jpg,6
bath_wash_basin/007.jpg,6
bath_wash_basin/008.jpg,6
bath_wash_basin/009.jpg,6
bath_wash_basin/010.jpg,6
bathroom_folding_storage/001.jpg,7
bathroom_folding_storage/002.JPG,7
bathroom_folding_storage/003.jpg,7
bathroom_folding_storage/004.jpg,7
bathroom_folding_storage/005.JPG,7
bathroom_folding_storage/006.jpg,7
bathroom_folding_storage/007.JPG,7
bathroom_folding_storage/008.JPG,7
bathroom_folding_storage/009.jpg,7
bathroom_folding_storage/010.jpg,7
bathroom_hamper/001.jpg,8
bathroom_hamper/002.jpg,8
bathroom_hamper/003.jpg,8
bathroom_hamper/004.jpg,8
bathroom_hamper/005.jpg,8
bathroom_hamper/006.jpg,8
bathroom_hamper/007.jpg,8
bathroom_hamper/008.jpg,8
bathroom_hamper/009.jpg,8
bathroom_hamper/010.jpg,8
bathroom_organizer/001.jpg,9
bathroom_organizer/002.jpg,9
bathroom_organizer/003.jpg,9
bathroom_organizer/004.jpg,9
bathroom_organizer/005.jpg,9
bathroom_organizer/006.jpg,9
bathroom_organizer/007.jpg,9
bathroom_organizer/008.jpg,9
bathroom_organizer/009.jpg,9
bathroom_organizer/010.jpg,9
bathroom_soap_dish/001.jpg,10
bathroom_soap_dish/002.jpg,10
bathroom_soap_dish/003.jpg,10
bathroom_soap_dish/004.jpg,10
bathroom_soap_dish/005.jpg,10
bathroom_soap_dish/006.jpg,10
bathroom_soap_dish/007.jpg,10
bathroom_soap_dish/008.jpg,10
bathroom_soap_dish/009.jpg,10
bathroom_soap_dish/010.jpg,10
bathroom_soap_dispenser/001.jpg,11
bathroom_soap_dispenser/002.jpg,11
bathroom_soap_dispenser/003.jpg,11
bathroom_soap_dispenser/004.jpg,11
bathroom_soap_dispenser/005.jpg,11
bathroom_soap_dispenser/006.jpg,11
bathroom_soap_dispenser/007.jpg,11
bathroom_soap_dispenser/008.jpg,11
bathroom_soap_dispenser/009.jpg,11
bathroom_soap_dispenser/010.jpg,11
bathroom_spacesaver/001.jpg,12
bathroom_spacesaver/002.JPG,12
bathroom_spacesaver/003.jpg,12
bathroom_spacesaver/004.jpg,12
bathroom_spacesaver/005.jpg,12
bathroom_spacesaver/006.jpg,12
bathroom_spacesaver/007.jpg,12
bathroom_spacesaver/008.JPG,12
bathroom_spacesaver/009.JPG,12
bathroom_spacesaver/010.jpg,12
bathroom_toothbrushes_holder/001.jpg,13
bathroom_toothbrushes_holder/002.jpg,13
bathroom_toothbrushes_holder/003.jpg,13
bathroom_toothbrushes_holder/004.jpg,13
bathroom_toothbrushes_holder/005.jpg,13
bathroom_toothbrushes_holder/006.jpg,13
bathroom_toothbrushes_holder/007.jpg,13
bathroom_toothbrushes_holder/008.jpg,13
bathroom_toothbrushes_holder/009.jpg,13
bathroom_toothbrushes_holder/010.jpg,13
bed_Bunk_bed/001.jpg,14
bed_Bunk_bed/002.jpg,14
bed_Bunk_bed/003.jpg,14
bed_Bunk_bed/004.jpg,14
bed_Bunk_bed/005.jpg,14
bed_Bunk_bed/006.jpg,14
bed_Bunk_bed/007.jpg,14
bed_Bunk_bed/008.jpg,14
bed_Bunk_bed/009.jpg,14
bed_Bunk_bed/010.jpg,14
bed_Canopy_bed/001.jpg,15
bed_Canopy_bed/002.jpg,15
bed_Canopy_bed/003.jpg,15
bed_Canopy_bed/004.jpg,15
bed_Canopy_bed/005.jpg,15
bed_Canopy_bed/006.jpg,15
bed_Canopy_bed/007.jpg,15
bed_Canopy_bed/008.jpg,15
bed_Canopy_bed/009.jpg,15
bed_Canopy_bed/010.jpg,15
bed_Hammock/001.jpg,16
bed_Hammock/002.jpg,16
bed_Hammock/003.jpg,16
bed_Hammock/004.jpg,16
bed_Hammock/005.jpg,16
bed_Hammock/006.jpg,16
bed_Hammock/007.jpg,16
bed_Hammock/008.jpg,16
bed_Hammock/009.jpg,16
bed_Hammock/010.jpg,16
bed_Infant_bed/001.jpg,17
bed_Infant_bed/002.jpg,17
bed_Infant_bed/003.jpg,17
bed_Infant_bed/004.jpg,17
bed_Infant_bed/005.jpg,17
bed_Infant_bed/006.jpg,17
bed_Infant_bed/007.jpg,17
bed_Infant_bed/008.jpg,17
bed_Infant_bed/009.jpg,17
bed_Infant_bed/010.jpg,17
bed_Toddler_bed/001.jpg,18
bed_Toddler_bed/002.jpg,18
bed_Toddler_bed/003.jpg,18
bed_Toddler_bed/004.jpg,18
bed_Toddler_bed/005.jpg,18
bed_Toddler_bed/006.jpg,18
bed_Toddler_bed/007.jpg,18
bed_Toddler_bed/008.jpg,18
bed_Toddler_bed/009.jpg,18
bed_Toddler_bed/010.jpg,18
bed_king_bed/001.jpg,19
bed_king_bed/002.jpg,19
bed_king_bed/003.jpg,19
bed_king_bed/004.jpg,19
bed_king_bed/005.jpg,19
bed_king_bed/006.jpg,19
bed_king_bed/007.jpg,19
bed_king_bed/008.jpg,19
bed_king_bed/009.jpg,19
bed_king_bed/010.jpg,19
bed_sofa_bed/07910002_SB3_1400x.webp,20
bed_sofa_bed/2.jpg,20
bed_sofa_bed/6000201580570.jpg,20
bed_sofa_bed/71AfQxTS35L._AC_SX466_.jpg,20
bed_sofa_bed/780013661SOF079_3_7146029_Supersize.jpg,20
bed_sofa_bed/images.jpg,20
bed_sofa_bed/istockphoto-918515708-612x612.jpg,20
bed_sofa_bed/large_L049593_1.jpg,20
bed_sofa_bed/modern-sofa-bed-paris.jpg,20
bed_sofa_bed/product-jpeg-500x500.webp,20
blanket/132194.jpg,21
blanket/132196.jpg,21
blanket/132199.jpg,21
blanket/132200.jpg,21
blanket/132201.jpg,21
blanket/132202.jpg,21
blanket/132203.jpg,21
blanket/132204.jpg,21
blanket/132205.jpg,21
blanket/132207.jpg,21
blanket/132208.jpg,21
blanket/132209.jpg,21
blanket/132210.jpg,21
blanket/132211.jpg,21
blanket/132212.jpg,21
blanket/132213.jpg,21
blanket/132216.jpg,21
blanket/132217.jpg,21
blanket/132218.jpg,21
blanket/132219.jpg,21
blanket/132220.jpg,21
blanket/132221.jpg,21
blanket/132222.jpg,21
blanket/132223.jpg,21
blanket_2/135736.jpg,22
blanket_2/135737.jpg,22
blanket_2/135738.jpg,22
blanket_2/135739.jpg,22
blanket_2/135740.jpg,22
blanket_2/135741.jpg,22
blanket_2/135742.jpg,22
blanket_2/135743.jpg,22
blanket_2/135744.jpg,22
blanket_2/135745.jpg,22
blanket_2/135746.jpg,22
blanket_2/135747.jpg,22
blanket_2/135748.jpg,22
blanket_2/135749.jpg,22
blanket_2/135750.jpg,22
blanket_2/135751.jpg,22
blanket_2/135752.jpg,22
boxes/129939.jpg,23
boxes/129940.jpg,23
boxes/129941.jpg,23
boxes/129942.jpg,23
boxes/129943.jpg,23
boxes/129944.jpg,23
boxes/129945.jpg,23
boxes/129946.jpg,23
boxes/129947.jpg,23
boxes/129948.jpg,23
boxes/129949.jpg,23
boxes/129950.jpg,23
boxes/129951.jpg,23
boxes/129952.jpg,23
boxes/129953.jpg,23
boxes/129954.jpg,23
boxes/129955.jpg,23
boxes_2/131498.jpg,24
boxes_2/131499.jpg,24
boxes_2/131500.jpg,24
boxes_2/131501.jpg,24
boxes_2/131502.jpg,24
boxes_2/131503.jpg,24
boxes_2/131504.jpg,24
boxes_2/131505.jpg,24
boxes_2/131506.jpg,24
boxes_2/131507.jpg,24
boxes_2/131508.jpg,24
boxes_2/131509.jpg,24
boxes_2/131510.jpg,24
boxes_2/131511.jpg,24
boxes_2/131512.jpg,24
boxes_2/131513.jpg,24
boxes_2/131514.jpg,24
boxes_2/131515.jpg,24
boxes_2/131516.jpg,24
boxes_3/133695.jpg,25
boxes_3/133696.jpg,25
boxes_3/133697.jpg,25
boxes_3/133698.jpg,25
boxes_3/133699.jpg,25
boxes_3/133700.jpg,25
boxes_3/133701.jpg,25
boxes_3/133702.jpg,25
boxes_3/133703.jpg,25
boxes_3/133704.jpg,25
boxes_3/133705.jpg,25
boxes_3/133706.jpg,25
boxes_3/133707.jpg,25
boxes_3/133708.jpg,25
boxes_3/133709.jpg,25
boxes_3/133710.jpg,25
boxes_3/133711.jpg,25
boxes_3/133712.jpg,25
boxes_3/133713.jpg,25
boxes_3/133714.jpg,25
boxes_3/133715.jpg,25
boxes_3/133716.jpg,25
boxes_3/133717.jpg,25
boxes_3/133718.jpg,25
boxes_4/134754.jpg,26
boxes_4/134755.jpg,26
boxes_4/134756.jpg,26
boxes_4/134757.jpg,26
boxes_4/134758.jpg,26
boxes_4/134759.jpg,26
boxes_4/134760.jpg,26
boxes_4/134761.jpg,26
boxes_4/134762.jpg,26
boxes_4/134763.jpg,26
boxes_4/134764.jpg,26
boxes_4/134765.jpg,26
boxes_4/134766.jpg,26
boxes_4/134767.jpg,26
boxes_5/135780.jpg,27
boxes_5/135781.jpg,27
boxes_5/135782.jpg,27
boxes_5/135783.jpg,27
boxes_5/135784.jpg,27
boxes_5/135785.jpg,27
boxes_5/135786.jpg,27
boxes_5/135787.jpg,27
boxes_5/135788.jpg,27
boxes_5/135789.jpg,27
boxes_5/135790.jpg,27
boxes_5/135791.jpg,27
boxes_6/135966.jpg,28
boxes_6/135967.jpg,28
boxes_6/135968.jpg,28
boxes_6/135969.jpg,28
boxes_6/135970.jpg,28
boxes_6/135971.jpg,28
boxes_6/135972.jpg,28
boxes_6/135973.jpg,28
boxes_6/135974.jpg,28
boxes_6/135975.jpg,28
boxes_6/135976.jpg,28
boxes_6/135977.jpg,28
boxes_6/135978.jpg,28
boxes_6/135979.jpg,28
boxes_6/135980.jpg,28
boxes_6/135981.jpg,28
boxes_6/135982.jpg,28
boxes_6/135983.jpg,28
boxes_6/135984.jpg,28
boxes_6/135985.jpg,28
boxes_6/135986.jpg,28
boxes_6/135987.jpg,28
boxes_6/135988.jpg,28
boxes_6/135989.jpg,28
boxes_6/135990.jpg,28
boxes_6/135991.jpg,28
boxes_6/135992.jpg,28
boxes_6/135993.jpg,28
boxes_6/135994.jpg,28
boxes_7/137035.jpg,29
boxes_7/137036.jpg,29
boxes_7/137037.jpg,29
boxes_7/137038.jpg,29
boxes_7/137039.jpg,29
boxes_7/137040.jpg,29
boxes_7/137041.jpg,29
boxes_7/137042.jpg,29
boxes_7/137043.jpg,29
boxes_7/137044.jpg,29
boxes_7/137045.jpg,29
boxes_7/137046.jpg,29
boxes_7/137047.jpg,29
boxes_7/137048.jpg,29
boxes_7/137049.jpg,29
boxes_7/137050.jpg,29
boxes_7/137051.jpg,29
boxes_7/137052.jpg,29
boxes_7/137053.jpg,29
boxes_7/137054.jpg,29
boxes_7/137055.jpg,29
boxes_7/137056.jpg,29
boxes_7/137057.jpg,29
boxes_8/141521.jpg,30
boxes_8/141522.jpg,30
boxes_8/141523.jpg,30
boxes_8/141524.jpg,30
boxes_8/141525.jpg,30
boxes_8/141526.jpg,30
boxes_8/141527.jpg,30
boxes_8/141528.jpg,30
boxes_8/141529.jpg,30
boxes_8/141530.jpg,30
boxes_8/141531.jpg,30
boxes_8/141532.jpg,30
boxes_8/141533.jpg,30
boxes_8/141534.jpg,30
boxes_8/141535.jpg,30
boxes_8/141536.jpg,30
chest_1/130816.jpg,31
chest_1/130817.jpg,31
chest_1/130818.jpg,31
chest_1/130819.jpg,31
chest_1/130820.jpg,31
chest_1/130821.jpg,31
chest_1/130822.jpg,31
chest_1/130823.jpg,31
chest_1/130824.jpg,31
chest_1/130825.jpg,31
chest_1/130826.jpg,31
chest_1/130827.jpg,31
chest_1/130828.jpg,31
chest_1/130829.jpg,31
chest_1/130830.jpg,31
chest_1/130831.jpg,31
chest_2/131682.jpg,32
chest_2/131683.jpg,32
chest_2/131684.jpg,32
chest_2/131685.jpg,32
chest_2/131686.jpg,32
chest_2/131687.jpg,32
chest_2/131688.jpg,32
chest_2/131689.jpg,32
chest_2/131690.jpg,32
chest_2/131691.jpg,32
chest_2/131692.jpg,32
chest_2/131693.jpg,32
chest_2/131694.jpg,32
chest_2/131695.jpg,32
chest_2/131696.jpg,32
chest_2/131697.jpg,32
chest_2/131698.jpg,32
chest_2/131699.jpg,32
chest_2/131700.jpg,32
chest_2/131701.jpg,32
chest_3/133246.jpg,33
chest_3/133247.jpg,33
chest_3/133248.jpg,33
chest_3/133249.jpg,33
chest_3/133250.jpg,33
chest_3/133251.jpg,33
chest_3/133252.jpg,33
chest_3/133253.jpg,33
chest_3/133254.jpg,33
chest_3/133255.jpg,33
chest_3/133256.jpg,33
chest_3/133257.jpg,33
chest_3/133258.jpg,33
chest_3/133259.jpg,33
chest_3/133260.jpg,33
chest_4/140364.jpg,34
chest_4/140365.jpg,34
chest_4/140366.jpg,34
chest_4/140367.jpg,34
chest_4/140368.jpg,34
chest_4/140369.jpg,34
chest_4/140370.jpg,34
chest_4/140371.jpg,34
chest_4/140372.jpg,34
chest_4/140373.jpg,34
chest_4/140374.jpg,34
chest_4/140375.jpg,34
chest_4/140376.jpg,34
chest_4/140377.jpg,34
chest_4/140378.jpg,34
chest_4/140379.jpg,34
chest_4/140380.jpg,34
chest_4/140381.jpg,34
chest_4/140382.jpg,34
chest_4/140383.jpg,34
chest_4/140384.jpg,34
chest_4/140385.jpg,34
chest_4/140386.jpg,34
chest_4/140387.jpg,34
chest_4/140388.jpg,34
christmas_tree/141867.jpg,35
christmas_tree/141868.jpg,35
christmas_tree/141869.jpg,35
christmas_tree/141870.jpg,35
christmas_tree/141871.jpg,35
christmas_tree/141872.jpg,35
christmas_tree/141873.jpg,35
christmas_tree/141874.jpg,35
christmas_tree/141875.jpg,35
christmas_tree/141876.jpg,35
christmas_tree/141877.jpg,35
christmas_tree/141878.jpg,35
christmas_tree/141879.jpg,35
christmas_tree/141880.jpg,35
christmas_tree/141881.jpg,35
christmas_tree/141882.jpg,35
christmas_tree/141883.jpg,35
christmas_tree/141884.jpg,35
christmas_tree/141885.jpg,35
christmas_tree/141886.jpg,35
christmas_tree/141887.jpg,35
christmas_tree/141888.jpg,35
christmas_tree/141889.jpg,35
christmas_tree/141890.jpg,35
christmas_tree/141891.jpg,35
cover_1/138790.jpg,36
cover_1/138791.jpg,36
cover_1/138792.jpg,36
cover_1/138793.jpg,36
cover_1/138794.jpg,36
cover_1/138795.jpg,36
cover_1/138796.jpg,36
cover_1/138797.jpg,36
cover_1/138798.jpg,36
cover_1/138799.jpg,36
cover_1/138800.jpg,36
cover_1/138801.jpg,36
cover_1/138802.jpg,36
cover_1/138803.jpg,36
cover_1/138804.jpg,36
cover_1/138805.jpg,36
decor_1/44925.jpg,37
decor_1/44926.jpg,37
decor_1/44927.jpg,37
decor_1/44928.jpg,37
decor_1/44929.jpg,37
decor_1/44930.jpg,37
decor_1/44931.jpg,37
decor_1/44932.jpg,37
decor_1/44933.jpg,37
decor_1/44934.jpg,37
decor_1/44935.jpg,37
decor_1/44936.jpg,37
decor_1/44937.jpg,37
decor_1/44938.jpg,37
decor_1/44939.jpg,37
decor_10/135937.jpg,38
decor_10/135938.jpg,38
decor_10/135939.jpg,38
decor_10/135940.jpg,38
decor_10/135941.jpg,38
decor_10/135942.jpg,38
decor_10/135943.jpg,38
decor_10/135944.jpg,38
decor_10/135945.jpg,38
decor_10/135946.jpg,38
decor_10/135947.jpg,38
decor_10/135948.jpg,38
decor_10/135949.jpg,38
decor_10/135950.jpg,38
decor_10/135951.jpg,38
decor_10/135952.jpg,38
decor_10/135953.jpg,38
decor_11/136930.jpg,39
decor_11/136931.jpg,39
decor_11/136932.jpg,39
decor_11/136933.jpg,39
decor_11/136934.jpg,39
decor_11/136935.jpg,39
decor_11/136936.jpg,39
decor_11/136937.jpg,39
decor_11/136938.jpg,39
decor_11/136939.jpg,39
decor_11/136940.jpg,39
decor_11/136941.jpg,39
decor_11/136942.jpg,39
decor_11/136943.jpg,39
decor_12/137238.jpg,40
decor_12/137239.jpg,40
decor_12/137240.jpg,40
decor_12/137241.jpg,40
decor_12/137242.jpg,40
decor_12/137243.jpg,40
decor_12/137244.jpg,40
decor_12/137245.jpg,40
decor_12/137246.jpg,40
decor_12/137247.jpg,40
decor_12/137248.jpg,40
decor_12/137249.jpg,40
decor_12/137250.jpg,40
decor_13/141501.jpg,41
decor_13/141502.jpg,41
decor_13/141503.jpg,41
decor_13/141504.jpg,41
decor_13/141505.jpg,41
decor_13/141506.jpg,41
decor_13/141507.jpg,41
decor_13/141508.jpg,41
decor_13/141509.jpg,41
decor_13/141510.jpg,41
decor_13/141511.jpg,41
decor_13/141512.jpg,41
decor_13/141513.jpg,41
decor_13/141514.jpg,41
decor_13/141515.jpg,41
decor_13/141516.jpg,41
decor_2/99016.jpg,42
decor_2/99017.jpg,42
decor_2/99018.jpg,42
decor_2/99019.jpg,42
decor_2/99020.jpg,42
decor_2/99021.jpg,42
decor_2/99022.jpg,42
decor_2/99023.jpg,42
decor_2/99024.jpg,42
decor_2/99025.jpg,42
decor_2/99026.jpg,42
decor_2/99027.jpg,42
decor_2/99028.jpg,42
decor_2/99029.jpg,42
decor_2/99030.jpg,42
decor_2/99031.jpg,42
decor_2/99032.jpg,42
decor_2/99033.jpg,42
decor_2/99034.jpg,42
decor_3/103772.jpg,43
decor_3/103773.jpg,43
decor_3/103774.jpg,43
decor_3/103775.jpg,43
decor_3/103776.jpg,43
decor_3/103777.jpg,43
decor_3/103778.jpg,43
decor_3/103779.jpg,43
decor_3/103780.jpg,43
decor_3/103781.jpg,43
decor_3/103782.jpg,43
decor_3/103783.jpg,43
decor_4/103877.jpg,44
decor_4/103878.jpg,44
decor_4/103879.jpg,44
decor_4/103880.jpg,44
decor_4/103881.jpg,44
decor_4/103882.jpg,44
decor_4/103883.jpg,44
decor_4/103884.jpg,44
decor_4/103885.jpg,44
decor_4/103886.jpg,44
decor_4/103887.jpg,44
decor_4/103888.jpg,44
decor_4/103889.jpg,44
decor_4/103890.jpg,44
decor_4/103891.jpg,44
decor_4/103892.jpg,44
decor_4/103893.jpg,44
decor_4/103894.jpg,44
decor_4/103895.jpg,44
decor_5/108671.jpg,45
decor_5/108672.jpg,45
decor_5/108673.jpg,45
decor_5/108674.jpg,45
decor_5/108675.jpg,45
decor_5/108676.jpg,45
decor_5/108677.jpg,45
decor_5/108678.jpg,45
decor_5/108679.jpg,45
decor_5/108680.jpg,45
decor_5/108681.jpg,45
decor_5/108682.jpg,45
decor_5/108683.jpg,45
decor_5/108684.jpg,45
decor_5/108685.jpg,45
decor_5/108686.jpg,45
decor_6/130929.jpg,46
decor_6/130930.jpg,46
decor_6/130931.jpg,46
decor_6/130932.jpg,46
decor_6/130933.jpg,46
decor_6/130934.jpg,46
decor_6/130935.jpg,46
decor_6/130936.jpg,46
decor_6/130937.jpg,46
decor_6/130938.jpg,46
decor_6/130939.jpg,46
decor_6/130940.jpg,46
decor_6/130941.jpg,46
decor_6/130942.jpg,46
decor_7/133413.jpg,47
decor_7/133414.jpg,47
decor_7/133415.jpg,47
decor_7/133416.jpg,47
decor_7/133417.jpg,47
decor_7/133418.jpg,47
decor_7/133419.jpg,47
decor_7/133420.jpg,47
decor_7/133421.jpg,47
decor_7/133422.jpg,47
decor_7/133423.jpg,47
decor_7/133424.jpg,47
decor_7/133425.jpg,47
decor_7/133426.jpg,47
decor_7/133427.jpg,47
decor_7/133428.jpg,47
decor_7/133429.jpg,47
decor_7/133430.jpg,47
decor_7/133431.jpg,47
decor_7/133432.jpg,47
decor_7/133433.jpg,47
decor_8/133434.jpg,48
decor_8/133435.jpg,48
decor_8/133436.jpg,48
decor_8/133437.jpg,48
decor_8/133438.jpg,48
decor_8/133439.jpg,48
decor_8/133440.jpg,48
decor_8/133441.jpg,48
decor_8/133442.jpg,48
decor_8/133443.jpg,48
decor_8/133444.jpg,48
decor_8/133445.jpg,48
decor_8/133446.jpg,48
decor_8/133447.jpg,48
decor_9/133573.jpg,49
decor_9/133574.jpg,49
decor_9/133575.jpg,49
decor_9/133576.jpg,49
decor_9/133577.jpg,49
decor_9/133578.jpg,49
decor_9/133579.jpg,49
decor_9/133580.jpg,49
decor_9/133581.jpg,49
decor_9/133582.jpg,49
decor_9/133583.jpg,49
decor_9/133584.jpg,49
decor_9/133585.jpg,49
decor_copper_holder/001.JPG,50
decor_copper_holder/002.jpg,50
decor_copper_holder/003.jpg,50
decor_copper_holder/004.jpg,50
decor_copper_holder/005.jpg,50
decor_copper_holder/006.jpg,50
decor_copper_holder/007.jpg,50
decor_copper_holder/008.jpg,50
decor_copper_holder/009.jpg,50
decor_copper_holder/010.jpg,50
decor_fireplace/001.jpg,51
decor_fireplace/002.jpg,51
decor_fireplace/003.jpg,51
decor_fireplace/004.jpg,51
decor_fireplace/005.jpg,51
decor_fireplace/006.jpg,51
decor_fireplace/007.jpg,51
decor_fireplace/008.jpg,51
decor_fireplace/009.jpg,51
decor_fireplace/010.jpg,51
decor_painting/001.jpg,52
decor_painting/002.jpg,52
decor_painting/003.jpg,52
decor_painting/004.jpg,52
decor_painting/005.jpg,52
decor_painting/006.jpg,52
decor_painting/007.jpg,52
decor_painting/008.jpg,52
decor_painting/009.jpg,52
decor_painting/010.jpg,52
decor_painting_2/131162.jpg,53
decor_painting_2/131163.jpg,53
decor_painting_2/131164.jpg,53
decor_painting_2/131165.jpg,53
decor_painting_2/131166.jpg,53
decor_painting_2/131167.jpg,53
decor_painting_2/131168.jpg,53
decor_painting_2/131169.jpg,53
decor_painting_2/131170.jpg,53
decor_painting_2/131171.jpg,53
decor_painting_2/131172.jpg,53
decor_painting_2/131173.jpg,53
decor_painting_2/131174.jpg,53
decor_painting_2/131175.jpg,53
decor_painting_2/131176.jpg,53
decor_painting_2/131177.jpg,53
decor_painting_2/131178.jpg,53
decor_painting_2/131179.jpg,53
decor_painting_2/131180.jpg,53
decor_painting_2/131181.jpg,53
decor_painting_2/131182.jpg,53
decor_painting_2/131183.jpg,53
decor_painting_2/131184.jpg,53
decor_painting_2/131185.jpg,53
decor_painting_3/131608.jpg,54
decor_painting_3/131609.jpg,54
decor_painting_3/131610.jpg,54
decor_painting_3/131611.jpg,54
decor_painting_3/131612.jpg,54
decor_painting_3/131613.jpg,54
decor_painting_3/131614.jpg,54
decor_painting_3/131615.jpg,54
decor_painting_3/131616.jpg,54
decor_painting_3/131617.jpg,54
decor_painting_3/131618.jpg,54
decor_painting_3/131619.jpg,54
decor_painting_3/131620.jpg,54
decor_painting_3/131621.jpg,54
decor_painting_3/131622.jpg,54
decor_painting_3/131623.jpg,54
decor_painting_4/136764.jpg,55
decor_painting_4/136765.jpg,55
decor_painting_4/136766.jpg,55
decor_painting_4/136767.jpg,55
decor_painting_4/136768.jpg,55
decor_painting_4/136769.jpg,55
decor_painting_4/136770.jpg,55
decor_painting_4/136771.jpg,55
decor_painting_4/136772.jpg,55
decor_painting_4/136773.jpg,55
decor_painting_4/136774.jpg,55
decor_painting_4/136775.jpg,55
decor_painting_4/136776.jpg,55
decor_painting_4/136777.jpg,55
decor_painting_5/141132.jpg,56
decor_painting_5/141133.jpg,56
decor_painting_5/141134.jpg,56
decor_painting_5/141135.jpg,56
decor_painting_5/141136.jpg,56
decor_painting_5/141137.jpg,56
decor_painting_5/141138.jpg,56
decor_painting_5/141139.jpg,56
decor_painting_5/141140.jpg,56
decor_painting_5/141141.jpg,56
decor_painting_5/141142.jpg,56
decor_painting_5/141143.jpg,56
decor_painting_5/141144.jpg,56
decor_painting_5/141145.jpg,56
decor_photo_frames/001.jpg,57
decor_photo_frames/002.jpg,57
decor_photo_frames/003.JPG,57
decor_photo_frames/004.JPG,57
decor_photo_frames/005.JPG,57
decor_photo_frames/006.JPG,57
decor_photo_frames/007.JPG,57
decor_photo_frames/008.JPG,57
decor_photo_frames/009.JPG,57
decor_photo_frames/010.JPG,57
decor_vases_1/001.JPG,58
decor_vases_1/002.JPG,58
decor_vases_1/003.JPG,58
decor_vases_1/004.JPG,58
decor_vases_1/005.JPG,58
decor_vases_1/006.JPG,58
decor_vases_1/007.JPG,58
decor_vases_1/008.JPG,58
decor_vases_1/009.JPG,58
decor_vases_1/010.JPG,58
decor_vases_2/139441.jpg,59
decor_vases_2/139442.jpg,59
decor_vases_2/139443.jpg,59
decor_vases_2/139444.jpg,59
decor_vases_2/139445.jpg,59
decor_vases_2/139446.jpg,59
decor_vases_2/139447.jpg,59
decor_vases_2/139448.jpg,59
decor_vases_2/139449.jpg,59
decor_vases_2/139450.jpg,59
decor_vases_2/139451.jpg,59
decor_vases_2/139452.jpg,59
decor_vases_2/139453.jpg,59
decor_vases_2/139454.jpg,59
decor_vases_2/139455.jpg,59
decor_vases_2/139456.jpg,59
decor_vases_2/139457.jpg,59
decor_vases_2/139458.jpg,59
decor_vases_2/139459.jpg,59
decor_vases_2/139460.jpg,59
decor_vases_2/139461.jpg,59
decor_vases_2/139462.jpg,59
decor_vases_2/139463.jpg,59
decor_vases_2/139464.jpg,59
decor_vases_2/139465.jpg,59
decor_vases_2/139466.jpg,59
decor_vases_2/139467.jpg,59
decor_vases_2/___139449.jpg,59
decor_vases_3/130756.jpg,60
decor_vases_3/130757.jpg,60
decor_vases_3/130758.jpg,60
decor_vases_3/130759.jpg,60
decor_vases_3/130760.jpg,60
decor_vases_3/130761.jpg,60
decor_vases_3/130762.jpg,60
decor_vases_3/130763.jpg,60
decor_vases_3/130764.jpg,60
decor_vases_3/130765.jpg,60
decor_vases_3/130766.jpg,60
decor_vases_3/130767.jpg,60
decor_vases_3/130768.jpg,60
decor_vases_3/130769.jpg,60
decor_vases_3/130770.jpg,60
decor_vases_3/130771.jpg,60
decor_vases_3/130772.jpg,60
decor_vases_3/130773.jpg,60
decor_vases_3/130774.jpg,60
decor_wall_clock/001.jpg,61
decor_wall_clock/002.jpg,61
decor_wall_clock/003.jpg,61
decor_wall_clock/004.jpg,61
decor_wall_clock/005.jpg,61
decor_wall_clock/006.jpg,61
decor_wall_clock/007.jpg,61
decor_wall_clock/008.jpg,61
decor_wall_clock/009.jpg,61
decor_wall_clock/010.jpg,61
door_folding_screen/001.JPG,62
door_folding_screen/002.JPG,62
door_folding_screen/003.JPG,62
door_folding_screen/004.JPG,62
door_folding_screen/005.JPG,62
door_folding_screen/006.JPG,62
door_folding_screen/007.JPG,62
door_folding_screen/008.JPG,62
door_folding_screen/009.JPG,62
door_folding_screen/010.JPG,62
door_inside/001.jpg,63
door_inside/002.jpg,63
door_inside/003.jpg,63
door_inside/004.jpg,63
door_inside/005.jpg,63
door_inside/006.jpg,63
door_inside/007.jpg,63
door_inside/008.jpg,63
door_inside/009.jpg,63
door_inside/010.jpg,63
door_outside/001.jpg,64
door_outside/002.jpg,64
door_outside/003.jpg,64
door_outside/004.jpg,64
door_outside/005.jpg,64
door_outside/006.jpg,64
door_outside/007.jpg,64
door_outside/008.jpg,64
door_outside/009.jpg,64
door_outside/010.jpg,64
door_sliding_doors/001.JPG,65
door_sliding_doors/002.JPG,65
door_sliding_doors/003.JPG,65
door_sliding_doors/004.JPG,65
door_sliding_doors/005.JPG,65
door_sliding_doors/006.JPG,65
door_sliding_doors/007.JPG,65
door_sliding_doors/008.JPG,65
door_sliding_doors/009.JPG,65
door_sliding_doors/010.JPG,65
dryer_1/131735.jpg,66
dryer_1/131736.jpg,66
dryer_1/131737.jpg,66
dryer_1/131738.jpg,66
dryer_1/131739.jpg,66
dryer_1/131740.jpg,66
dryer_1/131741.jpg,66
dryer_1/131742.jpg,66
dryer_1/131743.jpg,66
dryer_1/131744.jpg,66
dryer_1/131745.jpg,66
dryer_1/131746.jpg,66
dryer_1/131747.jpg,66
dryer_1/131748.jpg,66
dryer_1/131749.jpg,66
dryer_1/131750.jpg,66
dryer_1/131751.jpg,66
dryer_1/131752.jpg,66
dryer_1/131753.jpg,66
dryer_1/131754.jpg,66
dryer_1/131755.jpg,66
dryer_1/131756.jpg,66
dryer_1/131757.jpg,66
dryer_1/131758.jpg,66
dryer_1/131759.jpg,66
dryer_1/131760.jpg,66
dryer_1/131761.jpg,66
dryer_1/131762.jpg,66
dryer_1/131763.jpg,66
equipment_1/54120.jpg,67
equipment_1/54121.jpg,67
equipment_1/54122.jpg,67
equipment_1/54123.jpg,67
equipment_1/54124.jpg,67
equipment_1/54125.jpg,67
equipment_1/54126.jpg,67
equipment_1/54127.jpg,67
equipment_1/54128.jpg,67
equipment_1/54129.jpg,67
equipment_1/54130.jpg,67
equipment_1/54131.jpg,67
equipment_1/54132.jpg,67
equipment_1/54133.jpg,67
equipment_1/54134.jpg,67
equipment_1/54135.jpg,67
equipment_2/56183.jpg,68
equipment_2/56184.jpg,68
equipment_2/56185.jpg,68
equipment_2/56186.jpg,68
equipment_2/56187.jpg,68
equipment_2/56188.jpg,68
equipment_2/56189.jpg,68
equipment_2/56190.jpg,68
equipment_2/56191.jpg,68
equipment_2/56192.jpg,68
equipment_2/56193.jpg,68
equipment_2/56194.jpg,68
equipment_2/56195.jpg,68
equipment_2/56196.jpg,68
equipment_2/56197.jpg,68
equipment_2/56198.jpg,68
equipment_2/56199.jpg,68
equipment_2/56200.jpg,68
equipment_2/56201.jpg,68
equipment_2/56202.jpg,68
equipment_2/56203.jpg,68
equipment_TV/001.jpg,69
equipment_TV/002.jpg,69
equipment_TV/003.jpg,69
equipment_TV/004.jpg,69
equipment_TV/005.jpg,69
equipment_TV/006.jpg,69
equipment_TV/007.jpg,69
equipment_TV/008.jpg,69
equipment_TV/009.jpg,69
equipment_TV/010.jpg,69
equipment_TV/41908.jpg,69
equipment_TV/41910.jpg,69
equipment_TV/41921.jpg,69
equipment_TV/41927.jpg,69
equipment_TV/41931.jpg,69
equipment_TV/41933.jpg,69
equipment_TV/41935.jpg,69
equipment_TV/41938.jpg,69
equipment_TV/44280.jpg,69
equipment_TV/44284.jpg,69
equipment_TV/44286.jpg,69
equipment_TV/44296.jpg,69
equipment_TV/46494.jpg,69
equipment_TV/50778.jpg,69
equipment_TV/50782.jpg,69
equipment_TV/50793.jpg,69
equipment_TV/50795.jpg,69
equipment_air_cond_on_flow/48007.jpg,70
equipment_air_cond_on_flow/48008.jpg,70
equipment_air_cond_on_flow/48009.jpg,70
equipment_air_cond_on_flow/48010.jpg,70
equipment_air_cond_on_flow/48011.jpg,70
equipment_air_cond_on_flow/48012.jpg,70
equipment_air_cond_on_flow/48013.jpg,70
equipment_air_cond_on_flow/48014.jpg,70
equipment_air_cond_on_flow/48015.jpg,70
equipment_air_cond_on_flow/48016.jpg,70
equipment_air_cond_on_flow/48017.jpg,70
equipment_air_cond_on_flow/48018.jpg,70
equipment_air_cond_on_flow/48019.jpg,70
equipment_air_cond_on_flow/48020.jpg,70
equipment_air_cond_on_flow/48021.jpg,70
equipment_air_cond_on_flow/48022.jpg,70
equipment_air_cond_on_flow/48023.jpg,70
equipment_air_cond_on_flow/48024.jpg,70
equipment_air_cond_on_flow/48025.jpg,70
equipment_air_cond_on_flow/48026.jpg,70
equipment_air_cond_on_flow/48027.jpg,70
equipment_air_cond_on_flow/48028.jpg,70
equipment_air_cond_on_flow/48029.jpg,70
equipment_air_cond_on_flow/48030.jpg,70
equipment_air_cond_on_flow/48031.jpg,70
equipment_air_cond_on_flow/48032.jpg,70
equipment_air_cond_on_flow/48033.jpg,70
equipment_air_cond_on_flow/48034.jpg,70
equipment_air_cond_on_flow/48035.jpg,70
equipment_air_cond_on_flow/48036.jpg,70
equipment_dishwasher/001.jpg,71
equipment_dishwasher/002.jpg,71
equipment_dishwasher/003.jpg,71
equipment_dishwasher/004.jpg,71
equipment_dishwasher/005.jpg,71
equipment_dishwasher/006.jpg,71
equipment_dishwasher/007.jpg,71
equipment_dishwasher/008.jpg,71
equipment_dishwasher/009.jpg,71
equipment_dishwasher/010.jpg,71
equipment_fridge/001.jpg,72
equipment_fridge/002.jpg,72
equipment_fridge/003.jpg,72
equipment_fridge/004.jpg,72
equipment_fridge/005.jpg,72
equipment_fridge/006.jpg,72
equipment_fridge/007.jpg,72
equipment_fridge/008.jpg,72
equipment_fridge/009.jpg,72
equipment_fridge/010.jpg,72
equipment_fridge/42832.jpg,72
equipment_fridge/42841.jpg,72
equipment_fridge/42851.jpg,72
equipment_fridge/43654.jpg,72
equipment_fridge/43659.jpg,72
equipment_fridge/43660.jpg,72
equipment_fridge/43666.jpg,72
equipment_fridge/43670.jpg,72
equipment_fridge/46788.jpg,72
equipment_fridge/46792.jpg,72
equipment_fridge/50891.jpg,72
equipment_fridge/50897.jpg,72
equipment_fridge/50903.jpg,72
equipment_fridge/50906.jpg,72
equipment_fridge/50908.jpg,72
equipment_fridge/50912.jpg,72
equipment_oven/001.jpg,73
equipment_oven/002.jpg,73
equipment_oven/003.jpg,73
equipment_oven/004.jpg,73
equipment_oven/005.jpg,73
equipment_oven/006.jpg,73
equipment_oven/007.jpg,73
equipment_oven/008.jpg,73
equipment_oven/009.jpg,73
equipment_oven/010.jpg,73
equipment_pc_block/48307.jpg,74
equipment_pc_block/48308.jpg,74
equipment_pc_block/48309.jpg,74
equipment_pc_block/48310.jpg,74
equipment_pc_block/48311.jpg,74
equipment_pc_block/48312.jpg,74
equipment_pc_block/48313.jpg,74
equipment_pc_block/48314.jpg,74
equipment_pc_block/48315.jpg,74
equipment_pc_block/48316.jpg,74
equipment_pc_block/48317.jpg,74
equipment_pc_block/48318.jpg,74
equipment_pc_block/48319.jpg,74
equipment_pc_block/48320.jpg,74
equipment_pc_block/48321.jpg,74
equipment_pc_block/48322.jpg,74
equipment_pc_block/48323.jpg,74
equipment_pc_block/48324.jpg,74
equipment_pc_block/48325.jpg,74
equipment_pc_block/48326.jpg,74
equipment_pc_monitor/42002.jpg,75
equipment_pc_monitor/42003.jpg,75
equipment_pc_monitor/42004.jpg,75
equipment_pc_monitor/42005.jpg,75
equipment_pc_monitor/42006.jpg,75
equipment_pc_monitor/42007.jpg,75
equipment_pc_monitor/42008.jpg,75
equipment_pc_monitor/42009.jpg,75
equipment_pc_monitor/42010.jpg,75
equipment_pc_monitor/42011.jpg,75
equipment_pc_monitor/42012.jpg,75
equipment_pc_monitor/42013.jpg,75
equipment_pc_monitor/42014.jpg,75
equipment_pc_monitor/42015.jpg,75
equipment_pc_monitor/42016.jpg,75
equipment_pc_monitor/42017.jpg,75
equipment_pc_monitor/42018.jpg,75
equipment_pc_monitor/42019.jpg,75
equipment_pc_monitor/42020.jpg,75
equipment_pc_monitor/42021.jpg,75
equipment_pc_monitor/42022.jpg,75
equipment_pc_monitor/42023.jpg,75
equipment_pc_monitor/42024.jpg,75
equipment_pc_monitor/42025.jpg,75
equipment_pc_monitor/42026.jpg,75
equipment_pc_monitor/42027.jpg,75
equipment_pc_monitor/43816.jpg,75
equipment_pc_monitor/43828.jpg,75
equipment_pc_monitor/43833.jpg,75
equipment_pc_monitor/51811.jpg,75
equipment_pc_monitor/55576.jpg,75
equipment_printer/55423.jpg,76
equipment_printer/55424.jpg,76
equipment_printer/55425.jpg,76
equipment_printer/55426.jpg,76
equipment_printer/55427.jpg,76
equipment_printer/55428.jpg,76
equipment_printer/55429.jpg,76
equipment_printer/55430.jpg,76
equipment_printer/55431.jpg,76
equipment_printer/55432.jpg,76
equipment_printer/55433.jpg,76
equipment_printer/55434.jpg,76
equipment_printer/55435.jpg,76
equipment_printer/55436.jpg,76
equipment_printer/55437.jpg,76
equipment_printer/55438.jpg,76
equipment_printer/55439.jpg,76
equipment_printer/55440.jpg,76
equipment_printer/55441.jpg,76
equipment_printer/55442.jpg,76
equipment_printer/55443.jpg,76
equipment_printer/55444.jpg,76
equipment_printer/55445.jpg,76
equipment_printer/55446.jpg,76
equipment_printer/55447.jpg,76
equipment_printer/55448.jpg,76
equipment_printer/55449.jpg,76
equipment_printer/55450.jpg,76
equipment_printer/55451.jpg,76
equipment_printer/55452.jpg,76
equipment_printer/55453.jpg,76
equipment_printer/59435.jpg,76
equipment_printer/59445.jpg,76
equipment_printer/59446.jpg,76
equipment_washing_machine/001.jpg,77
equipment_washing_machine/002.jpg,77
equipment_washing_machine/003.jpg,77
equipment_washing_machine/004.jpg,77
equipment_washing_machine/005.jpg,77
equipment_washing_machine/006.jpg,77
equipment_washing_machine/007.jpg,77
equipment_washing_machine/008.jpg,77
equipment_washing_machine/009.jpg,77
equipment_washing_machine/010.jpg,77
garden_gnomes/001.jpg,78
garden_gnomes/002.jpg,78
garden_gnomes/003.jpg,78
garden_gnomes/004.jpg,78
garden_gnomes/005.jpg,78
garden_gnomes/006.jpg,78
garden_gnomes/007.jpg,78
garden_gnomes/008.jpg,78
garden_gnomes/009.jpg,78
garden_gnomes/010.jpg,78
garden_lights/001.jpg,79
garden_lights/002.jpg,79
garden_lights/003.jpg,79
garden_lights/004.jpg,79
garden_lights/005.jpg,79
garden_lights/006.jpg,79
garden_lights/007.jpg,79
garden_lights/008.jpg,79
garden_lights/009.jpg,79
garden_lights/010.jpg,79
hallway_Key_Holders_decor/001.JPG,80
hallway_Key_Holders_decor/002.JPG,80
hallway_Key_Holders_decor/003.JPG,80
hallway_Key_Holders_decor/004.JPG,80
hallway_Key_Holders_decor/005.JPG,80
hallway_Key_Holders_decor/006.JPG,80
hallway_Key_Holders_decor/007.JPG,80
hallway_Key_Holders_decor/008.JPG,80
hallway_Key_Holders_decor/009.JPG,80
hallway_Key_Holders_decor/010.JPG,80
hallway_shoe_rack/001.JPG,81
hallway_shoe_rack/002.JPG,81
hallway_shoe_rack/003.JPG,81
hallway_shoe_rack/004.JPG,81
hallway_shoe_rack/005.JPG,81
hallway_shoe_rack/006.JPG,81
hallway_shoe_rack/007.JPG,81
hallway_shoe_rack/008.JPG,81
hallway_shoe_rack/009.JPG,81
hallway_shoe_rack/010.JPG,81
hallway_umbrella_stand/001.JPG,82
hallway_umbrella_stand/002.JPG,82
hallway_umbrella_stand/003.JPG,82
hallway_umbrella_stand/004.JPG,82
hallway_umbrella_stand/005.JPG,82
hallway_umbrella_stand/006.JPG,82
hallway_umbrella_stand/007.JPG,82
hallway_umbrella_stand/008.JPG,82
hallway_umbrella_stand/009.JPG,82
hallway_umbrella_stand/010.JPG,82
hanger_1/134337.jpg,83
hanger_1/134338.jpg,83
hanger_1/134339.jpg,83
hanger_1/134340.jpg,83
hanger_1/134341.jpg,83
hanger_1/134342.jpg,83
hanger_1/134343.jpg,83
hanger_1/134344.jpg,83
hanger_1/134345.jpg,83
hanger_1/134346.jpg,83
hanger_1/134347.jpg,83
hanger_1/134348.jpg,83
hanger_1/134349.jpg,83
hanger_1/134350.jpg,83
hanger_1/134351.jpg,83
hanger_1/134352.jpg,83
hanger_1/134353.jpg,83
hanger_1/134354.jpg,83
hanger_1/134355.jpg,83
hanger_1/134356.jpg,83
hanger_1/134357.jpg,83
hanger_1/134358.jpg,83
hanger_1/134359.jpg,83
hanger_1/134360.jpg,83
hanger_1/134361.jpg,83
hanger_1/134362.jpg,83
hanger_2/140691.jpg,84
hanger_2/140692.jpg,84
hanger_2/140693.jpg,84
hanger_2/140694.jpg,84
hanger_2/140695.jpg,84
hanger_2/140696.jpg,84
hanger_2/140697.jpg,84
hanger_2/140698.jpg,84
hanger_2/140699.jpg,84
hanger_2/140700.jpg,84
hanger_2/140701.jpg,84
hanger_2/140702.jpg,84
home_bar/1.jpg,85
home_bar/Artboard1copy_191245ca-c9cf-4b24-aee9-0e82e35f8c11_1800x.webp,85
home_bar/Littlewood-II-16-highres-sRGB-1024x689.jpg,85
home_bar/bfb5dfc1-3e5a-413b-9dc4-5c22c0ceb044.webp,85
home_bar/edc120120toolbox-bullard-003-1604586073.jpg,85
home_bar/home-bar-bespoke-design-interiors-ltd-img_f7f1b2db0644787e_4-7889-1-223ab2f.jpg,85
home_bar/home-bar-designs-768x512.jpg,85
home_bar/home-bar-ideas-hbx080121meredithmcbrearty-002-1640210445.jpg,85
home_bar/home-bar-ideas-hbx120121kotm-001-1640209028.jpg,85
home_bar/indy-home-bar.jpg,85
home_bar/private-home-radiant-lighting-img_32613c3a0e216313_14-5799-1-acb1303.jpg,85
ironing_board/134417.jpg,86
ironing_board/134418.jpg,86
ironing_board/134419.jpg,86
ironing_board/134420.jpg,86
ironing_board/134421.jpg,86
ironing_board/134422.jpg,86
ironing_board/134423.jpg,86
ironing_board/134424.jpg,86
ironing_board/134425.jpg,86
ironing_board/134426.jpg,86
ironing_board/134427.jpg,86
ironing_board/134428.jpg,86
ironing_board/134429.jpg,86
ironing_board/134430.jpg,86
ironing_board/134431.jpg,86
ironing_board/134432.jpg,86
light_1/129313.jpg,87
light_1/129314.jpg,87
light_1/129315.jpg,87
light_1/129316.jpg,87
light_1/129317.jpg,87
light_1/129318.jpg,87
light_1/129319.jpg,87
light_1/129320.jpg,87
light_1/129321.jpg,87
light_1/129322.jpg,87
light_1/129323.jpg,87
light_1/129324.jpg,87
light_1/131554.jpg,87
light_1/131557.jpg,87
light_1/131558.jpg,87
light_1/131564.jpg,87
light_Wall_Light/001.jpg,88
light_Wall_Light/002.jpg,88
light_Wall_Light/003.jpg,88
light_Wall_Light/004.jpg,88
light_Wall_Light/005.jpg,88
light_Wall_Light/006.jpg,88
light_Wall_Light/007.jpg,88
light_Wall_Light/008.jpg,88
light_Wall_Light/009.jpg,88
light_Wall_Light/010.jpg,88
light_Wall_Light/129510.jpg,88
light_Wall_Light/129511.jpg,88
light_Wall_Light/129512.jpg,88
light_Wall_Light/129513.jpg,88
light_Wall_Light/129514.jpg,88
light_Wall_Light/129515.jpg,88
light_Wall_Light/129516.jpg,88
light_Wall_Light/129517.jpg,88
light_Wall_Light/129518.jpg,88
light_Wall_Light/129519.jpg,88
light_Wall_Light/129520.jpg,88
light_Wall_Light/129521.jpg,88
light_Wall_Light/129522.jpg,88
light_Wall_Light/129523.jpg,88
light_Wall_Light/129524.jpg,88
light_Wall_Light/129525.jpg,88
light_Wall_Light/138270.jpg,88
light_Wall_Light/138271.jpg,88
light_Wall_Light/138272.jpg,88
light_Wall_Light/138273.jpg,88
light_Wall_Light/138274.jpg,88
light_Wall_Light/138275.jpg,88
light_Wall_Light/138276.jpg,88
light_Wall_Light/138277.jpg,88
light_Wall_Light/138278.jpg,88
light_Wall_Light/138279.jpg,88
light_Wall_Light/138280.jpg,88
light_Wall_Light/138281.jpg,88
light_Wall_Light/138282.jpg,88
light_Wall_Light/138283.jpg,88
light_built_in_lamp/001.jpg,89
light_built_in_lamp/002.jpg,89
light_built_in_lamp/003.jpg,89
light_built_in_lamp/004.jpg,89
light_built_in_lamp/005.jpg,89
light_built_in_lamp/006.jpg,89
light_built_in_lamp/007.jpg,89
light_built_in_lamp/008.jpg,89
light_built_in_lamp/009.jpg,89
light_built_in_lamp/010.jpg,89
light_candles/001.JPG,90
light_candles/002.JPG,90
light_candles/003.JPG,90
light_candles/004.JPG,90
light_candles/005.JPG,90
light_candles/006.JPG,90
light_candles/007.JPG,90
light_candles/008.JPG,90
light_candles/009.JPG,90
light_candles/010.JPG,90
light_chandelier_1/001.jpg,91
light_chandelier_1/002.jpg,91
light_chandelier_1/003.jpg,91
light_chandelier_1/004.jpg,91
light_chandelier_1/005.jpg,91
light_chandelier_1/006.jpg,91
light_chandelier_1/007.jpg,91
light_chandelier_1/008.jpg,91
light_chandelier_1/009.jpg,91
light_chandelier_1/010.jpg,91
light_chandelier_10/136562.jpg,92
light_chandelier_10/136563.jpg,92
light_chandelier_10/136564.jpg,92
light_chandelier_10/136565.jpg,92
light_chandelier_10/136566.jpg,92
light_chandelier_10/136567.jpg,92
light_chandelier_10/136568.jpg,92
light_chandelier_10/136569.jpg,92
light_chandelier_10/136570.jpg,92
light_chandelier_10/136571.jpg,92
light_chandelier_10/136572.jpg,92
light_chandelier_10/136573.jpg,92
light_chandelier_10/136574.jpg,92
light_chandelier_10/136575.jpg,92
light_chandelier_10/136576.jpg,92
light_chandelier_10/136577.jpg,92
light_chandelier_10/136578.jpg,92
light_chandelier_11/137495.jpg,93
light_chandelier_11/137496.jpg,93
light_chandelier_11/137497.jpg,93
light_chandelier_11/137498.jpg,93
light_chandelier_11/137499.jpg,93
light_chandelier_11/137500.jpg,93
light_chandelier_11/137501.jpg,93
light_chandelier_11/137502.jpg,93
light_chandelier_11/137503.jpg,93
light_chandelier_11/137504.jpg,93
light_chandelier_11/137505.jpg,93
light_chandelier_11/137506.jpg,93
light_chandelier_11/137507.jpg,93
light_chandelier_11/139736.jpg,93
light_chandelier_11/139737.jpg,93
light_chandelier_11/139738.jpg,93
light_chandelier_11/139739.jpg,93
light_chandelier_11/139740.jpg,93
light_chandelier_11/139741.jpg,93
light_chandelier_11/139742.jpg,93
light_chandelier_11/139743.jpg,93
light_chandelier_11/139744.jpg,93
light_chandelier_12/141831.jpg,94
light_chandelier_12/141832.jpg,94
light_chandelier_12/141833.jpg,94
light_chandelier_12/141834.jpg,94
light_chandelier_12/141835.jpg,94
light_chandelier_12/141836.jpg,94
light_chandelier_12/141837.jpg,94
light_chandelier_12/141838.jpg,94
light_chandelier_12/141839.jpg,94
light_chandelier_12/141840.jpg,94
light_chandelier_12/141841.jpg,94
light_chandelier_12/141842.jpg,94
light_chandelier_12/141843.jpg,94
light_chandelier_12/141844.jpg,94
light_chandelier_12/141845.jpg,94
light_chandelier_12/141846.jpg,94
light_chandelier_12/141847.jpg,94
light_chandelier_12/141848.jpg,94
light_chandelier_12/141849.jpg,94
light_chandelier_12/141850.jpg,94
light_chandelier_12/141851.jpg,94
light_chandelier_12/141852.jpg,94
light_chandelier_12/141853.jpg,94
light_chandelier_12/141854.jpg,94
light_chandelier_12/141855.jpg,94
light_chandelier_12/141856.jpg,94
light_chandelier_2/127721.jpg,95
light_chandelier_2/127722.jpg,95
light_chandelier_2/127723.jpg,95
light_chandelier_2/127724.jpg,95
light_chandelier_2/127725.jpg,95
light_chandelier_2/127726.jpg,95
light_chandelier_2/127727.jpg,95
light_chandelier_2/127728.jpg,95
light_chandelier_2/127729.jpg,95
light_chandelier_2/127730.jpg,95
light_chandelier_2/127731.jpg,95
light_chandelier_2/127732.jpg,95
light_chandelier_2/127733.jpg,95
light_chandelier_2/127734.jpg,95
light_chandelier_2/127735.jpg,95
light_chandelier_2/127736.jpg,95
light_chandelier_2/127737.jpg,95
light_chandelier_2/127738.jpg,95
light_chandelier_2/127739.jpg,95
light_chandelier_2/127740.jpg,95
light_chandelier_2/127741.jpg,95
light_chandelier_2/127742.jpg,95
light_chandelier_2/127743.jpg,95
light_chandelier_2/127744.jpg,95
light_chandelier_2/127745.jpg,95
light_chandelier_2/127746.jpg,95
light_chandelier_2/129554.jpg,95
light_chandelier_2/129556.jpg,95
light_chandelier_2/129561.jpg,95
light_chandelier_2/129567.jpg,95
light_chandelier_3/127919.jpg,96
light_chandelier_3/127920.jpg,96
light_chandelier_3/127921.jpg,96
light_chandelier_3/127922.jpg,96
light_chandelier_3/127923.jpg,96
light_chandelier_3/127924.jpg,96
light_chandelier_3/127925.jpg,96
light_chandelier_3/127926.jpg,96
light_chandelier_3/127927.jpg,96
light_chandelier_3/127928.jpg,96
light_chandelier_3/127929.jpg,96
light_chandelier_3/127930.jpg,96
light_chandelier_3/127931.jpg,96
light_chandelier_3/127932.jpg,96
light_chandelier_3/127933.jpg,96
light_chandelier_3/127934.jpg,96
light_chandelier_3/127935.jpg,96
light_chandelier_3/127936.jpg,96
light_chandelier_3/127937.jpg,96
light_chandelier_3/127938.jpg,96
light_chandelier_3/127939.jpg,96
light_chandelier_3/127940.jpg,96
light_chandelier_3/127941.jpg,96
light_chandelier_3/127942.jpg,96
light_chandelier_3/127943.jpg,96
light_chandelier_3/127944.jpg,96
light_chandelier_3/127945.jpg,96
light_chandelier_3/127946.jpg,96
light_chandelier_3/127947.jpg,96
light_chandelier_3/127948.jpg,96
light_chandelier_3/127949.jpg,96
light_chandelier_3/127950.jpg,96
light_chandelier_3/127951.jpg,96
light_chandelier_4/127991.jpg,97
light_chandelier_4/127992.jpg,97
light_chandelier_4/127993.jpg,97
light_chandelier_4/127994.jpg,97
light_chandelier_4/127995.jpg,97
light_chandelier_4/127996.jpg,97
light_chandelier_4/127997.jpg,97
light_chandelier_4/127998.jpg,97
light_chandelier_4/127999.jpg,97
light_chandelier_4/128000.jpg,97
light_chandelier_4/128001.jpg,97
light_chandelier_4/128002.jpg,97
light_chandelier_4/128003.jpg,97
light_chandelier_4/128004.jpg,97
light_chandelier_4/128005.jpg,97
light_chandelier_4/128006.jpg,97
light_chandelier_4/128007.jpg,97
light_chandelier_4/128008.jpg,97
light_chandelier_4/128009.jpg,97
light_chandelier_5/130144.jpg,98
light_chandelier_5/130145.jpg,98
light_chandelier_5/130146.jpg,98
light_chandelier_5/130147.jpg,98
light_chandelier_5/130148.jpg,98
light_chandelier_5/130149.jpg,98
light_chandelier_5/130150.jpg,98
light_chandelier_5/130151.jpg,98
light_chandelier_5/130152.jpg,98
light_chandelier_5/130153.jpg,98
light_chandelier_5/130154.jpg,98
light_chandelier_5/130155.jpg,98
light_chandelier_5/130156.jpg,98
light_chandelier_5/130157.jpg,98
light_chandelier_5/130158.jpg,98
light_chandelier_5/130159.jpg,98
light_chandelier_5/130160.jpg,98
light_chandelier_5/130161.jpg,98
light_chandelier_5/130162.jpg,98
light_chandelier_5/130163.jpg,98
light_chandelier_5/130164.jpg,98
light_chandelier_5/130165.jpg,98
light_chandelier_5/130166.jpg,98
light_chandelier_5/130167.jpg,98
light_chandelier_5/130168.jpg,98
light_chandelier_5/130241.jpg,98
light_chandelier_5/130246.jpg,98
light_chandelier_5/130248.jpg,98
light_chandelier_5/130251.jpg,98
light_chandelier_6/132143.jpg,99
light_chandelier_6/132144.jpg,99
light_chandelier_6/132145.jpg,99
light_chandelier_6/132146.jpg,99
light_chandelier_6/132147.jpg,99
light_chandelier_6/132148.jpg,99
light_chandelier_6/132149.jpg,99
light_chandelier_6/132150.jpg,99
light_chandelier_6/132151.jpg,99
light_chandelier_6/132152.jpg,99
light_chandelier_6/132153.jpg,99
light_chandelier_6/132154.jpg,99
light_chandelier_6/132155.jpg,99
light_chandelier_6/132156.jpg,99
light_chandelier_6/132157.jpg,99
light_chandelier_6/132158.jpg,99
light_chandelier_6/132159.jpg,99
light_chandelier_6/132160.jpg,99
light_chandelier_6/132161.jpg,99
light_chandelier_6/132162.jpg,99
light_chandelier_6/132163.jpg,99
light_chandelier_6/132164.jpg,99
light_chandelier_6/132165.jpg,99
light_chandelier_6/132166.jpg,99
light_chandelier_7/132902.jpg,100
light_chandelier_7/132903.jpg,100
light_chandelier_7/132904.jpg,100
light_chandelier_7/132905.jpg,100
light_chandelier_7/132906.jpg,100
light_chandelier_7/132907.jpg,100
light_chandelier_7/132908.jpg,100
light_chandelier_7/132909.jpg,100
light_chandelier_7/132910.jpg,100
light_chandelier_7/132911.jpg,100
light_chandelier_7/132912.jpg,100
light_chandelier_7/132913.jpg,100
light_chandelier_7/132914.jpg,100
light_chandelier_7/132915.jpg,100
light_chandelier_8/135655.jpg,101
light_chandelier_8/135656.jpg,101
light_chandelier_8/135657.jpg,101
light_chandelier_8/135658.jpg,101
light_chandelier_8/135659.jpg,101
light_chandelier_8/135660.jpg,101
light_chandelier_8/135661.jpg,101
light_chandelier_8/135662.jpg,101
light_chandelier_8/135663.jpg,101
light_chandelier_8/135664.jpg,101
light_chandelier_8/135665.jpg,101
light_chandelier_8/135666.jpg,101
light_chandelier_8/135667.jpg,101
light_chandelier_8/135668.jpg,101
light_chandelier_8/135669.jpg,101
light_chandelier_8/135670.jpg,101
light_chandelier_8/135671.jpg,101
light_chandelier_8/135672.jpg,101
light_chandelier_8/135673.jpg,101
light_chandelier_8/135674.jpg,101
light_chandelier_8/135675.jpg,101
light_chandelier_8/135676.jpg,101
light_chandelier_8/135677.jpg,101
light_chandelier_8/135678.jpg,101
light_chandelier_8/135679.jpg,101
light_chandelier_8/135680.jpg,101
light_chandelier_8/135681.jpg,101
light_chandelier_8/135682.jpg,101
light_chandelier_8/135683.jpg,101
light_chandelier_8/135684.jpg,101
light_chandelier_8/135685.jpg,101
light_chandelier_8/135686.jpg,101
light_chandelier_9/136509.jpg,102
light_chandelier_9/136510.jpg,102
light_chandelier_9/136511.jpg,102
light_chandelier_9/136512.jpg,102
light_chandelier_9/136513.jpg,102
light_chandelier_9/136514.jpg,102
light_chandelier_9/136515.jpg,102
light_chandelier_9/136516.jpg,102
light_chandelier_9/136517.jpg,102
light_chandelier_9/136518.jpg,102
light_chandelier_9/136519.jpg,102
light_chandelier_9/136520.jpg,102
light_chandelier_9/136521.jpg,102
light_chandelier_9/136522.jpg,102
light_chandelier_9/136523.jpg,102
light_chandelier_9/136524.jpg,102
light_chandelier_9/136525.jpg,102
light_chandelier_9/136526.jpg,102
light_chandelier_9/136527.jpg,102
light_chandelier_9/136528.jpg,102
light_chandelier_9/136529.jpg,102
light_chandelier_9/136530.jpg,102
light_chandelier_9/136531.jpg,102
light_chandelier_9/136532.jpg,102
light_chandelier_9/136533.jpg,102
light_chandelier_9/136534.jpg,102
light_chandelier_9/136535.jpg,102
light_chandelier_9/___136517.jpg,102
light_desk_lamp/001.jpg,103
light_desk_lamp/002.jpg,103
light_desk_lamp/003.jpg,103
light_desk_lamp/004.jpg,103
light_desk_lamp/005.jpg,103
light_desk_lamp/006.jpg,103
light_desk_lamp/007.jpg,103
light_desk_lamp/008.jpg,103
light_desk_lamp/009.jpg,103
light_desk_lamp/010.jpg,103
light_embed_1/138825.jpg,104
light_embed_1/138826.jpg,104
light_embed_1/138827.jpg,104
light_embed_1/138828.jpg,104
light_embed_1/138829.jpg,104
light_embed_1/138830.jpg,104
light_embed_1/138831.jpg,104
light_embed_1/138832.jpg,104
light_embed_1/138833.jpg,104
light_embed_1/138834.jpg,104
light_embed_1/138835.jpg,104
light_embed_1/138836.jpg,104
light_embed_1/138837.jpg,104
light_embed_1/138838.jpg,104
light_embed_1/138839.jpg,104
light_embed_1/138840.jpg,104
light_embed_1/138841.jpg,104
light_embed_1/138842.jpg,104
light_embed_1/138843.jpg,104
light_embed_1/138844.jpg,104
light_embed_1/138845.jpg,104
light_embed_1/138846.jpg,104
light_embed_1/138847.jpg,104
light_embed_1/138848.jpg,104
light_embed_1/138849.jpg,104
light_embed_1/138850.jpg,104
light_fairy_lights/001.JPG,105
light_fairy_lights/002.jpg,105
light_fairy_lights/003.JPG,105
light_fairy_lights/004.JPG,105
light_fairy_lights/005.JPG,105
light_fairy_lights/006.JPG,105
light_fairy_lights/007.JPG,105
light_fairy_lights/008.JPG,105
light_fairy_lights/009.JPG,105
light_fairy_lights/010.JPG,105
light_fairy_lights/135384.jpg,105
light_fairy_lights/135385.jpg,105
light_fairy_lights/135386.jpg,105
light_fairy_lights/135387.jpg,105
light_fairy_lights/135388.jpg,105
light_fairy_lights/135389.jpg,105
light_fairy_lights/135390.jpg,105
light_fairy_lights/135391.jpg,105
light_fairy_lights/135392.jpg,105
light_fairy_lights/135393.jpg,105
light_fairy_lights/135394.jpg,105
light_fairy_lights/135395.jpg,105
light_floor_lamp/001.JPG,106
light_floor_lamp/002.JPG,106
light_floor_lamp/003.JPG,106
light_floor_lamp/004.JPG,106
light_floor_lamp/005.JPG,106
light_floor_lamp/006.JPG,106
light_floor_lamp/007.JPG,106
light_floor_lamp/008.JPG,106
light_floor_lamp/009.JPG,106
light_floor_lamp/010.JPG,106
light_night_lamp/001.jpg,107
light_night_lamp/002.jpg,107
light_night_lamp/003.jpg,107
light_night_lamp/004.jpg,107
light_night_lamp/005.jpg,107
light_night_lamp/006.jpg,107
light_night_lamp/007.JPG,107
light_night_lamp/008.jpg,107
light_night_lamp/009.jpg,107
light_night_lamp/010.jpg,107
light_on_table_1/128762.jpg,108
light_on_table_1/128763.jpg,108
light_on_table_1/128764.jpg,108
light_on_table_1/128765.jpg,108
light_on_table_1/128766.jpg,108
light_on_table_1/128767.jpg,108
light_on_table_1/128768.jpg,108
light_on_table_1/128769.jpg,108
light_on_table_1/128770.jpg,108
light_on_table_1/128771.jpg,108
light_on_table_1/128772.jpg,108
light_on_table_1/128773.jpg,108
light_on_table_1/128774.jpg,108
light_on_table_1/131141.jpg,108
light_on_table_1/131142.jpg,108
light_on_table_1/131143.jpg,108
light_on_table_1/131144.jpg,108
light_on_table_1/131145.jpg,108
light_on_table_1/131146.jpg,108
light_on_table_1/131147.jpg,108
light_on_table_1/131148.jpg,108
light_on_table_2/130351.jpg,109
light_on_table_2/130352.jpg,109
light_on_table_2/130353.jpg,109
light_on_table_2/130354.jpg,109
light_on_table_2/130355.jpg,109
light_on_table_2/130356.jpg,109
light_on_table_2/130357.jpg,109
light_on_table_2/130358.jpg,109
light_on_table_2/130359.jpg,109
light_on_table_2/130360.jpg,109
light_on_table_2/130361.jpg,109
light_on_table_2/130362.jpg,109
light_on_table_2/130363.jpg,109
light_on_table_2/130364.jpg,109
light_on_table_2/130365.jpg,109
light_on_table_2/130366.jpg,109
light_on_table_2/130367.jpg,109
light_on_table_2/130368.jpg,109
light_on_table_2/130369.jpg,109
light_on_table_2/130370.jpg,109
light_on_table_2/130371.jpg,109
light_on_table_2/130372.jpg,109
light_on_table_2/130373.jpg,109
light_on_table_2/130374.jpg,109
light_on_table_2/130375.jpg,109
light_on_table_2/130376.jpg,109
light_on_table_2/130377.jpg,109
light_on_table_2/130378.jpg,109
light_on_table_3/132322.jpg,110
light_on_table_3/132323.jpg,110
light_on_table_3/132324.jpg,110
light_on_table_3/132325.jpg,110
light_on_table_3/132326.jpg,110
light_on_table_3/132327.jpg,110
light_on_table_3/132328.jpg,110
light_on_table_3/132329.jpg,110
light_on_table_3/132330.jpg,110
light_on_table_3/132331.jpg,110
light_on_table_3/132332.jpg,110
light_on_table_3/132333.jpg,110
light_on_table_3/132334.jpg,110
light_on_table_3/132335.jpg,110
light_on_table_3/132336.jpg,110
light_on_table_3/132337.jpg,110
light_on_table_3/132338.jpg,110
light_on_table_3/132339.jpg,110
light_on_table_3/132340.jpg,110
light_on_table_3/132341.jpg,110
light_on_table_3/132342.jpg,110
light_on_table_3/132343.jpg,110
light_on_table_3/132344.jpg,110
light_on_table_3/132345.jpg,110
light_on_table_3/132346.jpg,110
light_on_table_3/132347.jpg,110
light_on_table_3/134182.jpg,110
light_on_table_3/134183.jpg,110
light_on_table_3/134184.jpg,110
light_on_table_3/134185.jpg,110
light_on_table_3/134186.jpg,110
light_on_table_3/134187.jpg,110
light_on_table_3/134188.jpg,110
light_on_table_4/134774.jpg,111
light_on_table_4/134775.jpg,111
light_on_table_4/134776.jpg,111
light_on_table_4/134777.jpg,111
light_on_table_4/134778.jpg,111
light_on_table_4/134779.jpg,111
light_on_table_4/134780.jpg,111
light_on_table_4/134781.jpg,111
light_on_table_4/134782.jpg,111
light_on_table_4/134783.jpg,111
light_on_table_4/134784.jpg,111
light_on_table_4/134785.jpg,111
light_on_table_4/134786.jpg,111
light_on_table_4/134787.jpg,111
light_on_table_4/134788.jpg,111
light_on_table_4/134789.jpg,111
light_on_table_4/134790.jpg,111
light_on_table_4/134791.jpg,111
light_on_table_4/134792.jpg,111
light_on_table_4/134793.jpg,111
light_on_table_4/134794.jpg,111
light_on_whall_2/133030.jpg,112
light_on_whall_2/133031.jpg,112
light_on_whall_2/133032.jpg,112
light_on_whall_2/133033.jpg,112
light_on_whall_2/133034.jpg,112
light_on_whall_2/133035.jpg,112
light_on_whall_2/133036.jpg,112
light_on_whall_2/133037.jpg,112
light_on_whall_2/133038.jpg,112
light_on_whall_2/133039.jpg,112
light_on_whall_2/133040.jpg,112
light_on_whall_2/133041.jpg,112
light_on_whall_2/133042.jpg,112
light_on_whall_2/133043.jpg,112
light_on_whall_2/133044.jpg,112
light_on_whall_2/133045.jpg,112
light_on_whall_2/133046.jpg,112
light_on_whall_2/133047.jpg,112
light_on_whall_2/133048.jpg,112
light_on_whall_2/133049.jpg,112
light_on_whall_2/133050.jpg,112
light_on_whall_2/133051.jpg,112
light_on_whall_2/133052.jpg,112
light_on_whall_2/133053.jpg,112
light_on_whall_2/133054.jpg,112
light_on_whall_2/133055.jpg,112
light_on_whall_2/137808.jpg,112
light_on_whall_2/137809.jpg,112
light_on_whall_2/137810.jpg,112
light_on_whall_2/137811.jpg,112
light_on_whall_2/137812.jpg,112
light_on_whall_2/137813.jpg,112
light_on_whall_2/137814.jpg,112
living_room_World_map/001.JPG,113
living_room_World_map/002.JPG,113
living_room_World_map/003.JPG,113
living_room_World_map/004.JPG,113
living_room_World_map/005.JPG,113
living_room_World_map/006.JPG,113
living_room_World_map/007.JPG,113
living_room_World_map/008.JPG,113
living_room_World_map/009.JPG,113
living_room_World_map/010.JPG,113
living_room_aquarium/001.JPG,114
living_room_aquarium/002.JPG,114
living_room_aquarium/003.JPG,114
living_room_aquarium/004.JPG,114
living_room_aquarium/005.JPG,114
living_room_aquarium/006.JPG,114
living_room_aquarium/007.JPG,114
living_room_aquarium/008.JPG,114
living_room_aquarium/009.JPG,114
living_room_aquarium/010.JPG,114
living_room_floor_globe/001.JPG,115
living_room_floor_globe/002.JPG,115
living_room_floor_globe/003.JPG,115
living_room_floor_globe/004.JPG,115
living_room_floor_globe/005.JPG,115
living_room_floor_globe/006.JPG,115
living_room_floor_globe/007.JPG,115
living_room_floor_globe/008.JPG,115
living_room_floor_globe/009.JPG,115
living_room_floor_globe/010.JPG,115
living_room_globe_desktop/001.JPG,116
living_room_globe_desktop/002.JPG,116
living_room_globe_desktop/003.JPG,116
living_room_globe_desktop/004.JPG,116
living_room_globe_desktop/005.JPG,116
living_room_globe_desktop/006.JPG,116
living_room_globe_desktop/007.JPG,116
living_room_globe_desktop/008.JPG,116
living_room_globe_desktop/009.JPG,116
living_room_globe_desktop/010.JPG,116
living_room_hourglass/001.JPG,117
living_room_hourglass/002.JPG,117
living_room_hourglass/003.JPG,117
living_room_hourglass/004.JPG,117
living_room_hourglass/005.JPG,117
living_room_hourglass/006.JPG,117
living_room_hourglass/007.JPG,117
living_room_hourglass/008.JPG,117
living_room_hourglass/009.JPG,117
living_room_hourglass/010.JPG,117
living_room_piano/001.JPG,118
living_room_piano/002.JPG,118
living_room_piano/003.JPG,118
living_room_piano/004.JPG,118
living_room_piano/005.JPG,118
living_room_piano/006.JPG,118
living_room_piano/007.JPG,118
living_room_piano/008.JPG,118
living_room_piano/009.JPG,118
living_room_piano/010.JPG,118
mat/132253.jpg,119
mat/132254.jpg,119
mat/132255.jpg,119
mat/132256.jpg,119
mat/132257.jpg,119
mat/132258.jpg,119
mat/132259.jpg,119
mat/132260.jpg,119
mat/132261.jpg,119
mat/132262.jpg,119
mat/132263.jpg,119
mat/132264.jpg,119
mat/132265.jpg,119
mirror_desktop_mirror/001.JPG,120
mirror_desktop_mirror/002.JPG,120
mirror_desktop_mirror/003.JPG,120
mirror_desktop_mirror/004.JPG,120
mirror_desktop_mirror/005.JPG,120
mirror_desktop_mirror/006.JPG,120
mirror_desktop_mirror/007.JPG,120
mirror_desktop_mirror/008.JPG,120
mirror_desktop_mirror/009.JPG,120
mirror_desktop_mirror/010.JPG,120
mirror_wall_mirror/001.JPG,121
mirror_wall_mirror/002.JPG,121
mirror_wall_mirror/003.JPG,121
mirror_wall_mirror/004.JPG,121
mirror_wall_mirror/005.JPG,121
mirror_wall_mirror/006.JPG,121
mirror_wall_mirror/007.JPG,121
mirror_wall_mirror/008.JPG,121
mirror_wall_mirror/009.JPG,121
mirror_wall_mirror/010.JPG,121
plants_bonsai/001.JPG,122
plants_bonsai/002.JPG,122
plants_bonsai/003.JPG,122
plants_bonsai/004.JPG,122
plants_bonsai/005.JPG,122
plants_bonsai/006.JPG,122
plants_bonsai/007.JPG,122
plants_bonsai/008.JPG,122
plants_bonsai/009.JPG,122
plants_bonsai/010.JPG,122
plants_green_wall/001.JPG,123
plants_green_wall/002.JPG,123
plants_green_wall/003.JPG,123
plants_green_wall/004.JPG,123
plants_green_wall/005.JPG,123
plants_green_wall/006.JPG,123
plants_green_wall/007.JPG,123
plants_green_wall/008.JPG,123
plants_green_wall/009.JPG,123
plants_green_wall/010.JPG,123
plants_houseplants/001.JPG,124
plants_houseplants/002.JPG,124
plants_houseplants/003.JPG,124
plants_houseplants/004.JPG,124
plants_houseplants/005.JPG,124
plants_houseplants/006.JPG,124
plants_houseplants/007.JPG,124
plants_houseplants/008.JPG,124
plants_houseplants/009.JPG,124
plants_houseplants/010.JPG,124
plants_orchids/001.JPG,125
plants_orchids/002.JPG,125
plants_orchids/003.JPG,125
plants_orchids/004.JPG,125
plants_orchids/005.JPG,125
plants_orchids/006.JPG,125
plants_orchids/007.JPG,125
plants_orchids/008.JPG,125
plants_orchids/009.JPG,125
plants_orchids/010.JPG,125
plants_pampas_grass_decor/001.JPG,126
plants_pampas_grass_decor/002.JPG,126
plants_pampas_grass_decor/003.JPG,126
plants_pampas_grass_decor/004.JPG,126
plants_pampas_grass_decor/005.JPG,126
plants_pampas_grass_decor/006.JPG,126
plants_pampas_grass_decor/007.JPG,126
plants_pampas_grass_decor/008.JPG,126
plants_pampas_grass_decor/009.JPG,126
plants_pampas_grass_decor/010.JPG,126
plants_wreath_decor/001.JPG,127
plants_wreath_decor/002.JPG,127
plants_wreath_decor/003.JPG,127
plants_wreath_decor/004.JPG,127
plants_wreath_decor/005.JPG,127
plants_wreath_decor/006.JPG,127
plants_wreath_decor/007.JPG,127
plants_wreath_decor/008.JPG,127
plants_wreath_decor/009.JPG,127
plants_wreath_decor/010.JPG,127
seat_Bean_bag/001.jpg,128
seat_Bean_bag/002.jpg,128
seat_Bean_bag/003.jpg,128
seat_Bean_bag/004.jpg,128
seat_Bean_bag/005.jpg,128
seat_Bean_bag/006.jpg,128
seat_Bean_bag/007.jpg,128
seat_Bean_bag/008.jpg,128
seat_Bean_bag/009.jpg,128
seat_Bean_bag/010.jpg,128
seat_Bench/001.jpg,129
seat_Bench/002.jpg,129
seat_Bench/003.jpg,129
seat_Bench/004.jpg,129
seat_Bench/005.jpg,129
seat_Bench/006.jpg,129
seat_Bench/007.jpg,129
seat_Bench/008.jpg,129
seat_Bench/009.jpg,129
seat_Bench/010.jpg,129
seat_Chesterfield/001.jpg,130
seat_Chesterfield/002.jpg,130
seat_Chesterfield/003.jpg,130
seat_Chesterfield/004.jpg,130
seat_Chesterfield/005.jpg,130
seat_Chesterfield/006.jpg,130
seat_Chesterfield/007.jpg,130
seat_Chesterfield/008.jpg,130
seat_Chesterfield/009.jpg,130
seat_Chesterfield/010.jpg,130
seat_Couch/001.jpg,131
seat_Couch/002.jpg,131
seat_Couch/003.jpg,131
seat_Couch/004.jpg,131
seat_Couch/005.jpg,131
seat_Couch/006.jpg,131
seat_Couch/007.jpg,131
seat_Couch/008.jpg,131
seat_Couch/009.jpg,131
seat_Couch/010.jpg,131
seat_Fainting_couch/001.jpg,132
seat_Fainting_couch/002.jpg,132
seat_Fainting_couch/003.jpg,132
seat_Fainting_couch/004.jpg,132
seat_Fainting_couch/005.jpg,132
seat_Fainting_couch/006.jpg,132
seat_Fainting_couch/007.jpg,132
seat_Fainting_couch/008.jpg,132
seat_Fainting_couch/009.jpg,132
seat_Fainting_couch/010.jpg,132
seat_Fauteuil/001.jpg,133
seat_Fauteuil/002.jpg,133
seat_Fauteuil/003.jpg,133
seat_Fauteuil/004.jpg,133
seat_Fauteuil/005.jpg,133
seat_Fauteuil/006.jpg,133
seat_Fauteuil/007.jpg,133
seat_Fauteuil/008.jpg,133
seat_Fauteuil/009.jpg,133
seat_Fauteuil/010.jpg,133
seat_Rocking_chair/001.jpg,134
seat_Rocking_chair/002.jpg,134
seat_Rocking_chair/003.jpg,134
seat_Rocking_chair/004.jpg,134
seat_Rocking_chair/005.jpg,134
seat_Rocking_chair/006.jpg,134
seat_Rocking_chair/007.jpg,134
seat_Rocking_chair/008.jpg,134
seat_Rocking_chair/009.jpg,134
seat_Rocking_chair/010.jpg,134
seat_Tuffet/001.jpg,135
seat_Tuffet/002.jpg,135
seat_Tuffet/003.jpg,135
seat_Tuffet/004.jpg,135
seat_Tuffet/005.jpg,135
seat_Tuffet/006.jpg,135
seat_Tuffet/007.jpg,135
seat_Tuffet/008.jpg,135
seat_Tuffet/009.jpg,135
seat_Tuffet/010.jpg,135
seat_chair/001.jpg,136
seat_chair/002.jpg,136
seat_chair/003.jpg,136
seat_chair/004.jpg,136
seat_chair/005.jpg,136
seat_chair/006.jpg,136
seat_chair/007.jpg,136
seat_chair/008.jpg,136
seat_chair/009.jpg,136
seat_chair/010.jpg,136
seat_chair_2/001.jpg,137
seat_chair_2/002.jpg,137
seat_chair_2/003.jpg,137
seat_chair_2/004.jpg,137
seat_chair_2/005.jpg,137
seat_chair_2/006.jpg,137
seat_chair_2/007.jpg,137
seat_chair_2/008.jpg,137
seat_chair_2/009.jpg,137
seat_chair_2/010.jpg,137
seat_chair_3/134246.jpg,138
seat_chair_3/134247.jpg,138
seat_chair_3/134248.jpg,138
seat_chair_3/134249.jpg,138
seat_chair_3/134250.jpg,138
seat_chair_3/134251.jpg,138
seat_chair_3/134252.jpg,138
seat_chair_3/134253.jpg,138
seat_chair_3/134254.jpg,138
seat_chair_3/134255.jpg,138
seat_chair_3/134256.jpg,138
seat_chair_3/134257.jpg,138
seat_chair_3/134258.jpg,138
seat_chair_3/134259.jpg,138
seat_chair_3/134260.jpg,138
seat_chair_3/134261.jpg,138
seat_chair_3/134262.jpg,138
seat_chair_3/134263.jpg,138
seat_chair_3/134264.jpg,138
seat_chair_3/134265.jpg,138
seat_chair_3/134266.jpg,138
seat_chair_3/134267.jpg,138
seat_chair_3/134268.jpg,138
seat_chair_3/134269.jpg,138
seat_chair_3/134270.jpg,138
seat_chair_3/134271.jpg,138
seat_chair_3/134272.jpg,138
seat_chair_3/134273.jpg,138
seat_chair_3/134274.jpg,138
seat_chair_3/134275.jpg,138
seat_chair_3/134276.jpg,138
seat_chair_4/135353.jpg,139
seat_chair_4/135354.jpg,139
seat_chair_4/135355.jpg,139
seat_chair_4/135356.jpg,139
seat_chair_4/135357.jpg,139
seat_chair_4/135358.jpg,139
seat_chair_4/135359.jpg,139
seat_chair_4/135360.jpg,139
seat_chair_4/135361.jpg,139
seat_chair_4/135362.jpg,139
seat_chair_4/135363.jpg,139
seat_chair_4/135364.jpg,139
seat_chair_4/135365.jpg,139
seat_chair_4/135366.jpg,139
seat_chair_4/135367.jpg,139
seat_chair_4/135368.jpg,139
seat_chair_4/135369.jpg,139
seat_chair_4/135370.jpg,139
seat_chair_4/135371.jpg,139
seat_chair_4/135372.jpg,139
seat_chair_4/135373.jpg,139
seat_chair_4/135374.jpg,139
seat_chair_4/135375.jpg,139
seat_chair_4/135376.jpg,139
seat_chair_5/141004.jpg,140
seat_chair_5/141005.jpg,140
seat_chair_5/141006.jpg,140
seat_chair_5/141007.jpg,140
seat_chair_5/141008.jpg,140
seat_chair_5/141009.jpg,140
seat_chair_5/141010.jpg,140
seat_chair_5/141011.jpg,140
seat_chair_5/141012.jpg,140
seat_chair_5/141013.jpg,140
seat_chair_5/141014.jpg,140
seat_chair_5/141015.jpg,140
seat_chair_5/141016.jpg,140
stairs/001.jpg,141
stairs/002.jpg,141
stairs/003.jpg,141
stairs/004.jpg,141
stairs/005.jpg,141
stairs/006.jpg,141
stairs/007.jpg,141
stairs/008.jpg,141
stairs/009.jpg,141
stairs/010.jpg,141
storage_Bakers_rack/001.jpg,142
storage_Bakers_rack/002.jpg,142
storage_Bakers_rack/003.jpg,142
storage_Bakers_rack/004.jpg,142
storage_Bakers_rack/005.jpg,142
storage_Bakers_rack/006.jpg,142
storage_Bakers_rack/007.jpg,142
storage_Bakers_rack/008.jpg,142
storage_Bakers_rack/009.jpg,142
storage_Bakers_rack/010.jpg,142
storage_Bookcase/001.jpg,143
storage_Bookcase/002.jpg,143
storage_Bookcase/003.jpg,143
storage_Bookcase/004.jpg,143
storage_Bookcase/005.jpg,143
storage_Bookcase/006.jpg,143
storage_Bookcase/007.jpg,143
storage_Bookcase/008.jpg,143
storage_Bookcase/009.jpg,143
storage_Bookcase/010.jpg,143
storage_Chest/001.jpg,144
storage_Chest/002.jpg,144
storage_Chest/003.jpg,144
storage_Chest/004.jpg,144
storage_Chest/005.jpg,144
storage_Chest/006.jpg,144
storage_Chest/007.jpg,144
storage_Chest/008.jpg,144
storage_Chest/009.jpg,144
storage_Chest/010.jpg,144
storage_Coat_rack/001.jpg,145
storage_Coat_rack/002.jpg,145
storage_Coat_rack/003.jpg,145
storage_Coat_rack/004.jpg,145
storage_Coat_rack/005.jpg,145
storage_Coat_rack/006.jpg,145
storage_Coat_rack/007.jpg,145
storage_Coat_rack/008.jpg,145
storage_Coat_rack/009.jpg,145
storage_Coat_rack/010.jpg,145
storage_Coat_rack_wall/001.jpg,146
storage_Coat_rack_wall/002.jpg,146
storage_Coat_rack_wall/003.jpg,146
storage_Coat_rack_wall/004.jpg,146
storage_Coat_rack_wall/005.jpg,146
storage_Coat_rack_wall/006.jpg,146
storage_Coat_rack_wall/007.jpg,146
storage_Coat_rack_wall/008.jpg,146
storage_Coat_rack_wall/009.jpg,146
storage_Coat_rack_wall/010.jpg,146
storage_Hope_chest/001.jpg,147
storage_Hope_chest/002.jpg,147
storage_Hope_chest/003.jpg,147
storage_Hope_chest/004.jpg,147
storage_Hope_chest/005.jpg,147
storage_Hope_chest/006.jpg,147
storage_Hope_chest/007.jpg,147
storage_Hope_chest/008.jpg,147
storage_Hope_chest/009.jpg,147
storage_Hope_chest/010.jpg,147
storage_Liquor_cabinet/001.JPG,148
storage_Liquor_cabinet/002.JPG,148
storage_Liquor_cabinet/003.JPG,148
storage_Liquor_cabinet/004.JPG,148
storage_Liquor_cabinet/005.JPG,148
storage_Liquor_cabinet/006.JPG,148
storage_Liquor_cabinet/007.JPG,148
storage_Liquor_cabinet/008.JPG,148
storage_Liquor_cabinet/009.JPG,148
storage_Liquor_cabinet/010.JPG,148
storage_Shelving/001.jpg,149
storage_Shelving/002.jpg,149
storage_Shelving/003.jpg,149
storage_Shelving/004.jpg,149
storage_Shelving/005.jpg,149
storage_Shelving/006.jpg,149
storage_Shelving/007.jpg,149
storage_Shelving/008.jpg,149
storage_Shelving/009.jpg,149
storage_Shelving/010.jpg,149
storage_wardrobe/001.jpg,150
storage_wardrobe/002.jpg,150
storage_wardrobe/003.jpg,150
storage_wardrobe/004.jpg,150
storage_wardrobe/005.jpg,150
storage_wardrobe/006.jpg,150
storage_wardrobe/007.jpg,150
storage_wardrobe/008.jpg,150
storage_wardrobe/009.jpg,150
storage_wardrobe/010.jpg,150
table_Billiard_table/001.jpg,151
table_Billiard_table/002.jpg,151
table_Billiard_table/003.jpg,151
table_Billiard_table/004.jpg,151
table_Billiard_table/005.jpg,151
table_Billiard_table/006.jpg,151
table_Billiard_table/007.jpg,151
table_Billiard_table/008.jpg,151
table_Billiard_table/009.jpg,151
table_Billiard_table/010.jpg,151
table_Changing_table/001.jpg,152
table_Changing_table/002.jpg,152
table_Changing_table/003.jpg,152
table_Changing_table/004.jpg,152
table_Changing_table/005.jpg,152
table_Changing_table/006.jpg,152
table_Changing_table/007.jpg,152
table_Changing_table/008.jpg,152
table_Changing_table/009.jpg,152
table_Changing_table/010.jpg,152
table_Chess_table/001.jpg,153
table_Chess_table/002.jpg,153
table_Chess_table/003.jpg,153
table_Chess_table/004.jpg,153
table_Chess_table/005.jpg,153
table_Chess_table/006.jpg,153
table_Chess_table/007.jpg,153
table_Chess_table/008.jpg,153
table_Chess_table/009.jpg,153
table_Chess_table/010.jpg,153
table_Coffee_table/001.jpg,154
table_Coffee_table/002.jpg,154
table_Coffee_table/003.jpg,154
table_Coffee_table/004.jpg,154
table_Coffee_table/005.jpg,154
table_Coffee_table/006.jpg,154
table_Coffee_table/007.jpg,154
table_Coffee_table/008.jpg,154
table_Coffee_table/009.jpg,154
table_Coffee_table/010.jpg,154
table_Dining_table/001.jpg,155
table_Dining_table/002.jpg,155
table_Dining_table/003.jpg,155
table_Dining_table/004.jpg,155
table_Dining_table/005.jpg,155
table_Dining_table/006.jpg,155
table_Dining_table/007.jpg,155
table_Dining_table/008.jpg,155
table_Dining_table/009.jpg,155
table_Dining_table/010.jpg,155
table_Folding_table/001.jpg,156
table_Folding_table/002.jpg,156
table_Folding_table/003.jpg,156
table_Folding_table/004.jpg,156
table_Folding_table/005.jpg,156
table_Folding_table/006.jpg,156
table_Folding_table/007.jpg,156
table_Folding_table/008.jpg,156
table_Folding_table/009.jpg,156
table_Folding_table/010.jpg,156
table_Kotatsu/001.jpg,157
table_Kotatsu/002.jpg,157
table_Kotatsu/003.jpg,157
table_Kotatsu/004.jpg,157
table_Kotatsu/005.jpg,157
table_Kotatsu/006.jpg,157
table_Kotatsu/007.jpg,157
table_Kotatsu/008.jpg,157
table_Kotatsu/009.jpg,157
table_Kotatsu/010.jpg,157
table_Poker_table/001.jpg,158
table_Poker_table/002.jpg,158
table_Poker_table/003.jpg,158
table_Poker_table/004.jpg,158
table_Poker_table/005.jpg,158
table_Poker_table/006.jpg,158
table_Poker_table/007.jpg,158
table_Poker_table/008.jpg,158
table_Poker_table/009.jpg,158
table_Poker_table/010.jpg,158
table_Secretary_desk/001.jpg,159
table_Secretary_desk/002.jpg,159
table_Secretary_desk/003.jpg,159
table_Secretary_desk/004.jpg,159
table_Secretary_desk/005.jpg,159
table_Secretary_desk/006.jpg,159
table_Secretary_desk/007.jpg,159
table_Secretary_desk/008.jpg,159
table_Secretary_desk/009.jpg,159
table_Secretary_desk/010.jpg,159
table_Washstand/001.jpg,160
table_Washstand/002.jpg,160
table_Washstand/003.jpg,160
table_Washstand/004.jpg,160
table_Washstand/005.jpg,160
table_Washstand/006.jpg,160
table_Washstand/007.jpg,160
table_Washstand/008.jpg,160
table_Washstand/009.jpg,160
table_Washstand/010.jpg,160
table_Wine_table/001.jpg,161
table_Wine_table/002.jpg,161
table_Wine_table/003.jpg,161
table_Wine_table/004.jpg,161
table_Wine_table/005.jpg,161
table_Wine_table/006.jpg,161
table_Wine_table/007.jpg,161
table_Wine_table/008.jpg,161
table_Wine_table/009.jpg,161
table_Wine_table/010.jpg,161
table_Writing_desk/001.jpg,162
table_Writing_desk/002.jpg,162
table_Writing_desk/003.jpg,162
table_Writing_desk/004.jpg,162
table_Writing_desk/005.jpg,162
table_Writing_desk/006.jpg,162
table_Writing_desk/007.jpg,162
table_Writing_desk/008.jpg,162
table_Writing_desk/009.jpg,162
table_Writing_desk/010.jpg,162
table_high_chair/001.jpg,163
table_high_chair/002.jpg,163
table_high_chair/003.jpg,163
table_high_chair/004.jpg,163
table_high_chair/005.jpg,163
table_high_chair/006.jpg,163
table_high_chair/007.jpg,163
table_high_chair/008.jpg,163
table_high_chair/009.jpg,163
table_high_chair/010.jpg,163
table_kitchen_island/001.jpg,164
table_kitchen_island/002.jpg,164
table_kitchen_island/003.jpg,164
table_kitchen_island/004.jpg,164
table_kitchen_island/005.jpg,164
table_kitchen_island/006.jpg,164
table_kitchen_island/007.jpg,164
table_kitchen_island/008.jpg,164
table_kitchen_island/009.jpg,164
table_kitchen_island/010.jpg,164
table_makeup/001.jpg,165
table_makeup/002.jpg,165
table_makeup/003.jpg,165
table_makeup/004.jpg,165
table_makeup/005.jpg,165
table_makeup/006.jpg,165
table_makeup/007.jpg,165
table_makeup/008.jpg,165
table_makeup/009.jpg,165
table_makeup/010.jpg,165
tableware_1/42446.jpg,166
tableware_1/42447.jpg,166
tableware_1/42448.jpg,166
tableware_1/42449.jpg,166
tableware_1/42450.jpg,166
tableware_1/42451.jpg,166
tableware_1/42452.jpg,166
tableware_1/42453.jpg,166
tableware_1/42454.jpg,166
tableware_1/42455.jpg,166
tableware_1/42456.jpg,166
tableware_1/42457.jpg,166
tableware_1/42458.jpg,166
tableware_1/42459.jpg,166
tableware_1/42460.jpg,166
tableware_2/42782.jpg,167
tableware_2/42783.jpg,167
tableware_2/42784.jpg,167
tableware_2/42785.jpg,167
tableware_2/42786.jpg,167
tableware_2/42787.jpg,167
tableware_2/42788.jpg,167
tableware_2/42789.jpg,167
tableware_2/42790.jpg,167
tableware_2/42791.jpg,167
tableware_2/42792.jpg,167
tableware_2/42793.jpg,167
tableware_2/42794.jpg,167
tableware_2/42795.jpg,167
tableware_2/42796.jpg,167
tableware_2/42797.jpg,167
tableware_2/42798.jpg,167
tableware_2/42799.jpg,167
tableware_2/42800.jpg,167
tableware_2/42801.jpg,167
tableware_2/42802.jpg,167
tableware_2/42803.jpg,167
tableware_2/42804.jpg,167
tableware_2/42805.jpg,167
tableware_2/42806.jpg,167
tableware_2/42807.jpg,167
tableware_2/42808.jpg,167
tableware_2/42809.jpg,167
tableware_3/45615.jpg,168
tableware_3/45616.jpg,168
tableware_3/45617.jpg,168
tableware_3/45618.jpg,168
tableware_3/45619.jpg,168
tableware_3/45620.jpg,168
tableware_3/45621.jpg,168
tableware_3/45622.jpg,168
tableware_3/45623.jpg,168
tableware_3/45624.jpg,168
tableware_3/45625.jpg,168
tableware_3/45626.jpg,168
tableware_3/45627.jpg,168
tableware_3/45628.jpg,168
tableware_3/45629.jpg,168
tableware_3/45630.jpg,168
tableware_3/45631.jpg,168
tableware_3/45632.jpg,168
tableware_3/45633.jpg,168
tableware_4/48666.jpg,169
tableware_4/48667.jpg,169
tableware_4/48668.jpg,169
tableware_4/48669.jpg,169
tableware_4/48670.jpg,169
tableware_4/48671.jpg,169
tableware_4/48672.jpg,169
tableware_4/48673.jpg,169
tableware_4/48674.jpg,169
tableware_4/48675.jpg,169
tableware_4/48676.jpg,169
tableware_4/48677.jpg,169
tableware_4/48678.jpg,169
tableware_4/48679.jpg,169
tableware_4/48680.jpg,169
tableware_4/48681.jpg,169
tableware_4/48682.jpg,169
tableware_4/48683.jpg,169
tableware_4/48684.jpg,169
tableware_4/48685.jpg,169
tableware_4/48686.jpg,169
tableware_4/48687.jpg,169
tableware_4/48688.jpg,169
tableware_4/48689.jpg,169
tableware_4/48690.jpg,169
tableware_4/48691.jpg,169
tableware_4/48692.jpg,169
tableware_4/48693.jpg,169
tableware_4/48694.jpg,169
tableware_4/48695.jpg,169
tableware_4/48696.jpg,169
tableware_4/48697.jpg,169
tableware_4/48698.jpg,169
tableware_4/48699.jpg,169
tableware_4/48700.jpg,169
tableware_4/48701.jpg,169
tableware_4/48702.jpg,169
tableware_4/48703.jpg,169
tableware_4/48704.jpg,169
tableware_5/62683.jpg,170
tableware_5/62684.jpg,170
tableware_5/62685.jpg,170
tableware_5/62686.jpg,170
tableware_5/62687.jpg,170
tableware_5/62688.jpg,170
tableware_5/62689.jpg,170
tableware_5/62690.jpg,170
tableware_5/62691.jpg,170
tableware_5/62692.jpg,170
tableware_5/62693.jpg,170
tableware_5/62694.jpg,170
tableware_5/62695.jpg,170
tableware_5/62696.jpg,170
tableware_5/62697.jpg,170
tableware_5/62698.jpg,170
textile_carpet/001.jpg,171
textile_carpet/002.jpg,171
textile_carpet/003.jpg,171
textile_carpet/004.jpg,171
textile_carpet/005.jpg,171
textile_carpet/006.jpg,171
textile_carpet/007.jpg,171
textile_carpet/008.jpg,171
textile_carpet/009.jpg,171
textile_carpet/010.jpg,171
textile_curtain/001.jpg,172
textile_curtain/002.jpg,172
textile_curtain/003.jpg,172
textile_curtain/004.jpg,172
textile_curtain/005.jpg,172
textile_curtain/006.jpg,172
textile_curtain/007.jpg,172
textile_curtain/008.jpg,172
textile_curtain/009.jpg,172
textile_curtain/010.jpg,172
textile_pillow_1/001.JPG,173
textile_pillow_1/002.JPG,173
textile_pillow_1/003.JPG,173
textile_pillow_1/004.JPG,173
textile_pillow_1/005.JPG,173
textile_pillow_1/006.JPG,173
textile_pillow_1/007.JPG,173
textile_pillow_1/008.JPG,173
textile_pillow_1/009.JPG,173
textile_pillow_1/010.JPG,173
textile_pillow_2/128292.jpg,174
textile_pillow_2/128293.jpg,174
textile_pillow_2/128294.jpg,174
textile_pillow_2/128295.jpg,174
textile_pillow_2/128296.jpg,174
textile_pillow_2/128297.jpg,174
textile_pillow_2/128298.jpg,174
textile_pillow_2/128299.jpg,174
textile_pillow_2/128300.jpg,174
textile_pillow_2/128301.jpg,174
textile_pillow_2/128302.jpg,174
textile_pillow_2/128303.jpg,174
textile_pillow_2/128304.jpg,174
textile_pillow_2/128305.jpg,174
textile_pillow_3/131793.jpg,175
textile_pillow_3/131794.jpg,175
textile_pillow_3/131795.jpg,175
textile_pillow_3/131796.jpg,175
textile_pillow_3/131797.jpg,175
textile_pillow_3/131798.jpg,175
textile_pillow_3/131799.jpg,175
textile_pillow_3/131800.jpg,175
textile_pillow_3/131801.jpg,175
textile_pillow_3/131802.jpg,175
textile_pillow_3/131803.jpg,175
textile_pillow_3/131804.jpg,175
textile_pillow_3/131805.jpg,175
textile_pillow_3/131806.jpg,175
textile_throws/001.JPG,176
textile_throws/002.JPG,176
textile_throws/003.JPG,176
textile_throws/004.JPG,176
textile_throws/005.JPG,176
textile_throws/006.JPG,176
textile_throws/007.JPG,176
textile_throws/008.JPG,176
textile_throws/009.JPG,176
textile_throws/010.JPG,176
textile_towels/001.JPG,177
textile_towels/002.JPG,177
textile_towels/003.JPG,177
textile_towels/004.JPG,177
textile_towels/005.JPG,177
textile_towels/006.JPG,177
textile_towels/007.JPG,177
textile_towels/008.JPG,177
textile_towels/009.JPG,177
textile_towels/010.JPG,177
towel/138697.jpg,178
towel/138698.jpg,178
towel/138699.jpg,178
towel/138700.jpg,178
towel/138701.jpg,178
towel/138702.jpg,178
towel/138703.jpg,178
towel/138704.jpg,178
towel/138705.jpg,178
towel/138706.jpg,178
towel/138707.jpg,178
towel/138708.jpg,178
towel/138709.jpg,178
towel/138710.jpg,178
towel/138711.jpg,178
towel/138712.jpg,178
window_window/001.JPG,179
window_window/002.JPG,179
window_window/003.JPG,179
window_window/004.JPG,179
window_window/005.JPG,179
window_window/006.JPG,179
window_window/007.JPG,179
window_window/008.JPG,179
window_window/009.JPG,179
window_window/010.JPG,179
